name,iso,fips,woeid
Colonia,URY,UY04,0
San José,URY,UY16,0
Artigas,URY,UY01,0
Paysandú,URY,UY11,0
Salto,URY,UY15,0
Durazno,URY,UY05,0
Tacuarembó,URY,UY18,0
Treinta y Tres,URY,UY19,0
Canelones,URY,UY02,0
Florida,URY,UY07,0
Lavalleja,URY,UY08,0
Maldonado,URY,UY09,0
Montevideo,URY,UY10,0
Rocha,URY,UY14,0
Falcón,VEN,VE11,0
Nicaragua,NIC,NU00,0
Barinas,VEN,VE05,0
Táchira,VEN,VE20,0
Lara,VEN,VE13,0
Nickerie,SUR,NS14,0
Anzoátegui,VEN,VE02,0
Guárico,VEN,VE12,0
Diego Martin,TTO,TD00,0
Siparia,TTO,TD00,0
Arima,TTO,TD00,0
Sangre Grande,TTO,TD00,0
Mayaro/Rio Claro,TTO,TD00,0
San Juan/Laventille,TTO,TD00,0
Princes Town,TTO,TD00,0
Couva/Tabaquite/Talparo,TTO,TD00,0
Penal/Debe,TTO,TD00,0
Point Fortin,TTO,TD00,0
Tunapuna/Piarco,TTO,TD00,0
San Fernando,TTO,TD00,0
Chaguanas,TTO,TD00,0
Port of Spain,TTO,TD00,0
Brokopondo,SUR,NS10,0
Sipaliwini,SUR,NS18,0
Coronie,SUR,NS12,0
Paramaribo,SUR,NS16,0
Wanica,SUR,NS19,0
Gibraltar,GIB,GI00,0
Castilla-La Mancha,ESP,SP84,0
Castilla y León,ESP,SP85,0
Comunidad de Madrid,ESP,SP87,0
Dosso,NER,NG03,0
Niamey,NER,NG09,0
Tahoua,NER,NG06,0
Médenine,TUN,TS28,0
Kebili,TUN,TS31,0
Tataouine,TUN,TS34,0
Canillo,ESP,SP86,0
Tozeur,TUN,TS35,0
Manubah,TUN,TS38,0
Béja,TUN,TS17,0
Ben Arous (Tunis Sud),TUN,TS32,0
Bizerte,TUN,TS18,0
Jendouba,TUN,TS06,0
Nabeul,TUN,TS19,0
Tunis,TUN,TS36,0
Le Kef,TUN,TS14,0
Kassérine,TUN,TS02,0
Gabès,TUN,TS29,0
Gafsa,TUN,TS10,0
Sidi Bou Zid,TUN,TS33,0
Sfax,TUN,TS32,0
Siliana,TUN,TS22,0
Mahdia,TUN,TS15,0
Monastir,TUN,TS16,0
Kairouan,TUN,TS03,0
Sousse,TUN,TS23,0
Zaghouan,TUN,TS37,0
Pirotski,SRB,BU47,0
Borski,SRB,RO26,0
Bucharest,ROU,RO10,0
Calarasi,ROU,RO41,0
Dâmbovita,ROU,RO16,0
Giurgiu,ROU,RO42,0
Constanta,ROU,RO14,0
Lattakia (Al Ladhiqiyah),SYR,SY02,0
Tartus,SYR,SY14,0
Ar Raqqah,SYR,SY04,0
Aleppo (Halab),SYR,SY09,0
Hamah,SYR,SY10,0
Homs (Hims),SYR,SY11,0
Idlib,SYR,SY12,0
Hasaka (Al Haksa),SYR,SY01,0
Dayr Az Zawr,SYR,SY07,0
As Suwayda',SYR,SY05,0
Damascus,SYR,SY08,0
Quneitra,SYR,SY03,0
Dar`a,SYR,SY06,0
North Bahr-al-Ghazal,SDS,SU54,0
Blue Nile,SDN,SU42,0
Red Sea,SDN,EG02,0
Al Hudaydah,YEM,YM08,0
Al Mahwit,YEM,YM10,0
Dhamar,YEM,YM11,0
Hajjah,YEM,YM22,0
Amran,YEM,YM00,0
Ibb,YEM,YM23,0
Lahij,YEM,YM24,0
Genève,CHE,SZ07,0
Neuchâtel,CHE,SZ12,0
Lucerne,CHE,SZ11,0
Sankt Gallen,CHE,SZ15,0
Glarus,CHE,SZ08,0
Schaffhausen,CHE,SZ16,0
Schaffhausen,CHE,SZ16,0
Schwyz,CHE,SZ17,0
Zürich,CHE,SZ25,0
Zug,CHE,SZ24,0
Jönköping,SWE,SW08,0
Kalmar,SWE,SW09,0
Orebro,SWE,SW15,0
Stockholm,SWE,SW26,0
Uppsala,SWE,SW21,0
alovci,SVN,SI33,0
Kuzma,SVN,SII2,0
Cerkvenjak,SVN,SI00,0
Benedikt,SVN,SI00,0
Hodo,SVN,SI00,0
Grad,SVN,SI00,0
Destrnik,SVN,SI18,0
Domale,SVN,SIG7,0
Kamnik,SVN,SIH6,0
Kocevje,SVN,SIH7,0
Lenart,SVN,SII3,0
Luce,SVN,SII9,0
Majperk,SVN,SIJ1,0
Novo Mesto,SVN,SIJ7,0
Podvelka,SVN,SI93,0
Preddvor,SVN,SIK5,0
Ptuj,SVN,SIK7,0
Ravne na Korokem,SVN,SIA4,0
Ribnica,SVN,SIL1,0
Rue,SVN,SIL3,0
entjur pri Celju,SVN,SIL7,0
Vojnik,SVN,SIN3,0
Savinjska,SVN,SIN5,0
Komenda,SVN,SI00,0
Oplotnica,SVN,SI00,0
Miklav na Dravskem Polju,SVN,SI00,0
etale,SVN,SI00,0
Podlehnik,SVN,SI00,0
Prevalje,SVN,SI00,0
Trzin,SVN,SI00,0
uemberk,SVN,SI00,0
Dobrna,SVN,SI00,0
Tabor,SVN,SI00,0
Vransko,SVN,SI00,0
Mirna Pec,SVN,SI00,0
Prebold,SVN,SI00,0
Polzela,SVN,SI00,0
Kostel,SVN,SI00,0
Kocevje,SVN,SI00,0
Braslovce,SVN,SI00,0
Sodraica,SVN,SI00,0
Jugovzhodna Slovenija,SVN,SI00,0
Horjul,SVN,SI00,0
Solcava,SVN,SI00,0
Dobje,SVN,SI00,0
Bloke,SVN,SI00,0
Podcetrtek,SVN,SI00,0
Maribor,SVN,SI70,0
Jesenice,SVN,SIH4,0
irovnica,SVN,SI00,0
Gorika,SVN,SI84,0
empeter-Vrtojba,SVN,SI00,0
Crenovci,SVN,SI15,0
Lendava,SVN,SI59,0
Ljutomer,SVN,SII6,0
Krievci,SVN,SI00,0
Verej,SVN,SI00,0
Sveti Andra v Slovenskih Goricah,SVN,SI00,0
Razkrije,SVN,SI00,0
Velika Polana,SVN,SI00,0
Dobrovnik,SVN,SI00,0
Markovci,SVN,SI00,0
Zapadno-Backi,SRB,HR10,0
Severno-Backi,SRB,HU19,0
Severno-Banatski,SRB,HU19,0
Arad,ROU,RO02,0
Branicevski,SRB,RO12,0
Sremski,SRB,HR18,0
Murmansk,RUS,SV00,0
Mykolayiv,UKR,UP14,0
Chernihiv,UKR,UP02,0
Rivne,UKR,UP18,0
Botosani,ROU,RO07,0
Chernivtsi,UKR,UP03,0
Ivano-Frankivs'k,UKR,UP06,0
Khmel'nyts'kyy,UKR,UP09,0
L'viv,UKR,UP13,0
Ternopil',UKR,UP19,0
Transcarpathia,UKR,UP22,0
Bistrita-Nasaud,ROU,RO06,0
Cluj,ROU,RO13,0
Hunedoara,ROU,RO21,0
Satu Mare,ROU,RO32,0
Sibiu,ROU,RO33,0
Vâlcea,ROU,RO39,0
Brasov,ROU,RO09,0
Covasna,ROU,RO15,0
Iasi,ROU,RO23,0
Suceava,ROU,RO34,0
Bacau,ROU,RO04,0
Braila,ROU,RO08,0
Buzau,ROU,RO11,0
Galati,ROU,RO18,0
Vaslui,ROU,RO38,0
Cherkasy,UKR,UP01,0
Kirovohrad,UKR,UP10,0
Kiev,UKR,UP11,0
Odessa,UKR,UP15,0
Vinnytsya,UKR,UP20,0
Zhytomyr,UKR,UP24,0
Sumy,UKR,UP18,0
Dnipropetrovs'k,UKR,UP04,0
Donets'k,UKR,UP05,0
Kharkiv,UKR,UP07,0
Luhans'k,UKR,UP12,0
Poltava,UKR,UP16,0
Zaporizhzhya,UKR,UP23,0
Al Dali',YEM,YM00,0
Al Jawf,YEM,YM21,0
Shabwah,YEM,YM05,0
Ma'rib,YEM,YM14,0
Ras Al Khaymah,ARE,AE05,0
Umm Al Qaywayn,ARE,AE07,0
Neutral Zone,ARE,AE03,0
Fujayrah,ARE,AE04,0
Fujayrah,ARE,AE04,0
Neutral Zone,ARE,AE04,0
Neutral Zone,ARE,AE06,0
Neutral Zone,ARE,AE4&,0
Neutral Zone,ARE,AE02,0
Dubay,ARE,AE03,0
Balkan,TKM,TX02,0
Ahal,TKM,TX01,0
Tashauz,TKM,TX03,0
Bukhoro,UZB,UZ02,0
Khorezm,UZB,UZ05,0
Karakalpakstan,UZB,UZ09,0
Navoi,UZB,UZ07,0
Samarkand,UZB,UZ10,0
Chardzhou,TKM,TX04,0
Mary,TKM,TX05,0
Kashkadarya,UZB,UZ08,0
Surkhandarya,UZB,UZ12,0
Andijon,UZB,UZ01,0
Ferghana,UZB,UZ03,0
Namangan,UZB,TI04,0
Gorno-Badakhshan,TJK,TI01,0
Tadzhikistan Territories,TJK,TI02,0
Leninabad,TJK,TI04,0
Jizzakh,UZB,UZ04,0
Sirdaryo,UZB,UZ11,0
Tashkent,UZB,UZ13,0
Mae Hong Son,THA,TH01,0
Chumphon,THA,TH58,0
Nakhon Si Thammarat,THA,TH64,0
Phuket,THA,TH62,0
Phangnga,THA,TH59,0
Surat Thani,THA,TH60,0
Sumatera Utara,IDN,ID26,0
Krabi,THA,TH63,0
Phatthalung,THA,TH66,0
Songkhla (Songkhla Lake),THA,TH68,0
Satun,THA,TH67,0
Songkhla,THA,TH68,0
Trang,THA,TH65,0
Yala,THA,TH70,0
Chiang Rai,THA,TH03,0
Chiang Mai,THA,TH02,0
Lampang,THA,TH06,0
Lamphun,THA,TH05,0
Nan,THA,TH04,0
Phayao,THA,TH41,0
Phitsanulok,THA,TH12,0
Sukhothai,THA,TH09,0
Uttaradit,THA,TH10,0
Kanchanaburi,THA,TH50,0
Kamphaeng Phet,THA,TH11,0
Phichit,THA,TH13,0
Phetchabun,THA,TH14,0
Suphan Buri,THA,TH51,0
Tak,THA,TH08,0
Uthai Thani,THA,TH15,0
Ang Thong,THA,TH35,0
Chai Nat,THA,TH32,0
Lop Buri,THA,TH34,0
Nakhon Nayok,THA,TH43,0
Prachin Buri,THA,TH74,0
Nakhon Sawan,THA,TH16,0
Phra Nakhon Si Ayutthaya,THA,TH36,0
Pathum Thani,THA,TH39,0
Sing Buri,THA,TH33,0
Saraburi,THA,TH37,0
Nonthaburi,THA,TH38,0
Nakhon Pathom,THA,TH53,0
Phetchaburi,THA,TH56,0
Prachuap Khiri Khan,THA,TH57,0
Ratchaburi,THA,TH52,0
Samut Prakan,THA,TH42,0
Samut Sakhon,THA,TH55,0
Samut Songkhram,THA,TH54,0
Si Sa Ket,THA,TH30,0
Ubon Ratchathani,THA,TH75,0
Amnat Charoen,THA,TH77,0
Yasothon,THA,TH72,0
Qu?ng Ninh,VNM,VM13,0
Chon Buri,THA,TH46,0
Chachoengsao,THA,TH44,0
Chanthaburi,THA,TH48,0
Sa Kaeo,THA,TH80,0
Rayong,THA,TH47,0
Trat,THA,TH49,0
Buri Ram,THA,TH28,0
Chaiyaphum,THA,TH26,0
Khon Kaen,THA,TH22,0
Kalasin,THA,TH23,0
Maha Sarakham,THA,TH24,0
Nakhon Ratchasima,THA,TH32,0
Roi Et,THA,TH25,0
Surin,THA,TH29,0
Tây Ninh,VNM,VM33,0
Loei,THA,TH18,0
Nong Khai,THA,TH17,0
Sakon Nakhon,THA,TH20,0
Udon Thani,THA,TH76,0
Nong Bua Lam Phu,THA,TH79,0
Ði?n Biên,VNM,VM22,0
Ðông B?c,VNM,VM72,0
Thái Nguyên,VNM,VM85,0
Lào Cai,VNM,VM56,0
L?ng Son,VNM,VM39,0
Son La,VNM,VM32,0
Thanh Hóa,VNM,VM34,0
Tuyên Quang,VNM,VM68,0
Yên Bái,VNM,VM70,0
Hòa Bình,VNM,VM56,0
H?i Duong,VNM,VM79,0
Ð?ng B?ng Sông H?ng,VNM,VM81,0
Thái Nguyên,VNM,VM44,0
B?c Ninh,VNM,VM74,0
Vinh Phúc,VNM,VM86,0
Hà Tây,VNM,VM51,0
Ninh Bình,VNM,VM59,0
Hà Nam,VNM,VM80,0
Nam Ð?nh,VNM,VM82,0
Phú Th?,VNM,VM83,0
B?c Giang,VNM,VM71,0
Thái Bình,VNM,VM35,0
Nakhon Phanom,THA,TH73,0
Mukdahan,THA,TH78,0
Ha Tinh,VNM,VM52,0
Ngh? An,VNM,VM58,0
Qu?ng Bình,VNM,VM62,0
Gia Lai,VNM,VM49,0
Khánh Hòa,VNM,VM54,0
Lâm Ð?ng,VNM,VM23,0
Ninh Thu?n,VNM,VM60,0
Phú Yên,VNM,VM61,0
Bình Duong,VNM,VM75,0
Bình Phu?c,VNM,VM76,0
Bình Ð?nh,VNM,VM46,0
Kon Tum,VNM,VM55,0
Quàng Nam,VNM,,0
Qu?ng Ngãi,VNM,VM63,0
Qu?ng Tr?,VNM,VM64,0
Th?a Thiên - Hu?,VNM,VM66,0
Ðà N?ng,VNM,VM78,0
Narathiwat,THA,TH31,0
Pattani,THA,TH69,0
Bà R?a - Vung Tàu,VNM,VM45,0
Bình Thu?n,VNM,VM47,0
Ðông Nam B?,VNM,VM43,0
An Giang,VNM,VM01,0
Ð?ng Tháp,VNM,VM09,0
Ð?ng Tháp,VNM,VM09,0
H? Chí Minh city,VNM,VM20,0
Kiên Giang,VNM,VM21,0
Long An,VNM,VM24,0
B?n Tre,VNM,VM03,0
d?ng b?ng sông C?u Long,VNM,VM60,0
B?c Liêu,VNM,VM73,0
Cà Mau,VNM,VM77,0
Sóc Trang,VNM,VM65,0
Trà Vinh,VNM,VM51,0
Vinh Long,VNM,VM50,0
Cao B?ng,VNM,VM05,0
Hà Giang,VNM,VM50,0
Eastern,ZMB,ZA03,0
Eastern,ZMB,ZA03,0
Lusaka,ZMB,ZA02,0
Southern,ZMB,ZA07,0
Western,ZMB,ZA01,0
Harare,ZWE,ZI10,0
Matabeleland North,ZWE,ZI06,0
Matabeleland South,ZWE,ZI07,0
Bulawayo,ZWE,ZI09,0
Masvingo,ZWE,ZI08,0
Sumatera Barat,IDN,ID24,0
Dili,TLS,TT00,0
Liquica,TLS,TT00,0
Ambeno,TLS,TT00,0
Aileu,TLS,TT00,0
Ainaro,TLS,TT00,0
Baucau,TLS,TT00,0
Bobonaro,TLS,TT00,0
Cova Lima,TLS,TT00,0
Ermera,TLS,TT00,0
Manatuto,TLS,TT00,0
Manufahi,TLS,TT00,0
Viqueque,TLS,TT00,0
Lautem,TLS,ID28,0
Penama,VUT,NH17,0
Lambayeque,PER,PE14,0
Piura,PER,PE20,0
Tumbes,PER,PE24,0
Arequipa,PER,PE04,0
Cusco,PER,PE08,0
Callao,PER,PE21,0
Tacna,PER,PE23,0
Cajamarca,PER,PE06,0
Huánuco,PER,PE10,0
Huancavelica,PER,PE09,0
Ica,PER,PE11,0
Junín,PER,PE12,0
Concepción,PRY,PA07,0
San Pedro,PRY,PA17,0
Asunción,PRY,PA06,0
Paraguarí,PRY,PA15,0
Rio Grande do Sul,BRA,BR23,0
Caaguazú,PRY,PA04,0
Caazapá,PRY,PA05,0
Rio de Janeiro,BRA,BR21,0
British Columbia,CAN,CA02,0
Yoro,HND,HO18,0
Atlántico Sur,NIC,NU18,0
Comayagua,HND,HO04,0
Intibucá,HND,HO10,0
La Paz,HND,HO12,0
Santa Bárbara,HND,HO16,0
Ocotepeque,HND,HO14,0
Granada,NIC,NU06,0
Jinotega,NIC,NU07,0
Atlántico Norte,NIC,NU17,0
León,NIC,NU08,0
Managua,NIC,NU10,0
Masaya,NIC,NU11,0
Choluteca,HND,HO02,0
El Paraíso,HND,HO07,0
Chinandega,NIC,NU03,0
Estelí,NIC,NU05,0
Matagalpa,NIC,NU12,0
Boaco,NIC,NU01,0
Demerara-Mahaica,GUY,GY14,0
Amapá,BRA,BR03,0
Newfoundland and Labrador,CAN,CA05,0
Vestfirðir,ISL,IC04,0
Reykhólahreppur,ISL,IC04,0
Vestfirðir,ISL,IC19,0
Árneshreppur,ISL,IC30,0
Vesturbyggð,ISL,IC34,0
Ísafjarðarbær,ISL,IC36,0
Sveitarfélagið Hornafjörður,ISL,IC06,0
Austurland,ISL,IC20,0
Austur-Hérað,ISL,IC31,0
Norðurland vestra,ISL,IC05,0
Akureyri,ISL,IC09,0
Akrahreppur,ISL,IC28,0
Húnaþing vestra,ISL,IC35,0
Kelduneshreppur,ISL,IC21,0
Hálshreppur,ISL,IC32,0
Biskupstungnahreppur,ISL,IC03,0
Suðurnes,ISL,IC10,0
Suðurland,ISL,IC23,0
Mýrdalshreppur,ISL,IC37,0
Akranes,ISL,IC07,0
Bæjarhreppur,ISL,IC08,0
Höfuðborgarsvæði,ISL,IC15,0
Vesturland,ISL,IC17,0
Eyja- og Miklaholtshreppur,ISL,IC29,0
Louth,IRL,EI19,0
Mayo,IRL,EI20,0
Kildare,IRL,EI12,0
Donegal,IRL,EI06,0
Leitrim,IRL,EI14,0
Longford,IRL,EI18,0
Región de Murcia,ESP,SP96,0
Ceuta,ESP,SP00,0
Melilla,ESP,SP00,0
Principado de Asturias,ESP,SP95,0
Aveiro,PRT,PO02,0
Leiria,PRT,PO13,0
Viana do Castelo,PRT,PO20,0
Beja,PRT,PO03,0
Évora,PRT,PO08,0
Faro,PRT,PO09,0
Lisboa,PRT,PO14,0
Portalegre,PRT,PO16,0
Santarém,PRT,PO18,0
Braga,PRT,PO04,0
Bragança,PRT,PO05,0
Castelo Branco,PRT,PO06,0
Coimbra,PRT,PO07,0
Guarda,PRT,PO11,0
Porto,PRT,PO17,0
Viseu,PRT,PO22,0
Vila Real,PRT,PO21,0
La Rioja,ESP,SP85,0
País Vasco,ESP,SP94,0
Dakar,SEN,SG01,0
Southern,SLE,SL03,0
Western,SLE,SL04,0
Diourbel,SEN,SG03,0
Fatick,SEN,SG09,0
Kaolack,SEN,,0
Louga,SEN,SG13,0
Thiès,SEN,SG07,0
Bissau,GNB,PU11,0
Bolama,GNB,PU05,0
Cacheu,GNB,PU06,0
Kolda,SEN,SG11,0
Ziguinchor,SEN,SG12,0
Bafatá,GNB,PU01,0
Gabú,GNB,PU10,0
Tambacounda,SEN,SG05,0
GrandKru,LBR,LI16,0
Sinoe,LBR,LI10,0
Grand Bassa,LBR,LI11,0
Eastern,SLE,SL01,0
River Cess,LBR,LI18,0
GrandGedeh,LBR,LI19,0
Diffa,NER,NG02,0
Sud-Ouest,CMR,CM09,0
Ouaka,CAF,CT11,0
Vakaga,CAF,CT14,0
Islas Baleares,ESP,SP07,0
Moravicki,SRB,RB00,0
Niavski,SRB,RB00,0
Podunavski,SRB,RB00,0
Pomoravski,SRB,RB00,0
Pomoravski,SRB,RB00,0
Raki,SRB,RB00,0
Toplicki,SRB,RB00,0
umadijski,SRB,RB00,0
Pcinjski,SRB,MK59,0
Pristina,KO-,SR01,0
Jablanicki,SRB,MK97,0
Zajecarski,SRB,RB00,0
Al Madinah,SAU,SA05,0
Al Quassim,SAU,SA08,0
Ha'il,SAU,SA13,0
Tabuk,SAU,SA19,0
Aqaba,JOR,JO21,0
Mafraq,JOR,JO15,0
Amman,JOR,JO16,0
Irbid,JOR,JO18,0
Jarash,JOR,JO22,0
Madaba,JOR,JO23,0
Karak,JOR,JO09,0
Zarqa,JOR,JO13,0
Al Jawf,SAU,SA03,0
Lakes,SDS,SU37,0
West Equatoria,SDS,SU45,0
Central Equatoria,SDS,SU44,0
Haute-Kotto,CAF,CT03,0
Upper Nile,SDS,SU35,0
Jungoli,SDS,SU51,0
Unity,SDS,SU40,0
Warap,SDS,SU59,0
West Bahr-al-Ghazal,SDS,SU46,0
Khartoum,SDN,SU29,0
Gezira,SDN,SU38,0
Gedarif,SDN,SU39,0
River Nile,SDN,SU53,0
Northern,SDN,SU43,0
White Nile,SDN,SU41,0
Sennar,SDN,SU58,0
South Kordufan,SDN,SU50,0
North Kordufan,SDN,SU56,0
Kassala,SDN,SU52,0
Eastern,KEN,KE03,0
Western,KEN,KE09,0
East Equatoria,SDS,SU57,0
Groningen,NLD,NL04,0
Svalbard,SJM,SV00,0
Diekirch,LUX,LU01,0
Grevenmacher,LUX,LU02,0
Luxembourg,LUX,LU03,0
Oslo,NOR,NO12,0
Cankova,SVN,SI10,0
Radenci,SVN,SIA1,0
Rogaovci,SVN,SIA6,0
Kurzeme,LVA,LG12,0
Liepaja,LVA,LG13,0
Ventspils,LVA,LG26,0
Teliai,LTU,LH63,0
Borovnica,SVN,SI05,0
Breice,SVN,SI08,0
Krsko,SVN,,0
Brezovica,SVN,SI09,0
Celje,SVN,SI11,0
Cerklje na Gorenjskem,SVN,SI12,0
Cerknica,SVN,SI13,0
Crna na Korokem,SVN,SI16,0
Crnomelj,SVN,SI17,0
Grosuplje,SVN,SI32,0
Trbovlje,SVN,SI34,0
Ig,SVN,SI37,0
Ilirska Bistrica,SVN,SI38,0
Kidricevo,SVN,SI45,0
Kozje,SVN,SI08,0
Spodnjeposavska,SVN,SI54,0
Lako,SVN,SI57,0
Litija,SVN,SII5,0
Osrednjeslovenska,SVN,SI61,0
Ljubno,SVN,SI62,0
Logatec,SVN,SI64,0
Loki Potok,SVN,SI66,0
Lukovica,SVN,SI68,0
Medvode,SVN,SI71,0
Menge,SVN,SI72,0
Metlika,SVN,SI73,0
Meica,SVN,SI74,0
Mislinja,SVN,SI76,0
Moravce,SVN,SI77,0
Mozirje,SVN,SI79,0
Muta,SVN,SI81,0
Nazarje,SVN,SI83,0
Pesnica,SVN,SI89,0
Notranjsko-kraka,SVN,SI91,0
Postojna,SVN,SI94,0
Radece,SVN,SI99,0
Radlje ob Dravi,SVN,SIA2,0
Rogatec,SVN,SIA8,0
Semic,SVN,SIB1,0
encur,SVN,SIB2,0
entilj,SVN,SIB3,0
entjernej,SVN,SIB4,0
Sevnica,SVN,SIB6,0
kocjan,SVN,SIB8,0
kofljica,SVN,SIC1,0
Koroka,SVN,SIC2,0
marje pri Jelah,SVN,SIC5,0
martno ob Paki,SVN,SIC6,0
otanj,SVN,SIC7,0
Podravska,SVN,SIC8,0
Trbovlje,SVN,SIC9,0
Trebnje,SVN,SID4,0
Velike Lace,SVN,SID4,0
Velenje,SVN,SID7,0
Vitanje,SVN,SIE2,0
Vodice,SVN,SIE3,0
Vrhnika,SVN,SIE5,0
Vuzenica,SVN,SIE6,0
Zasavska,SVN,SIE7,0
Zrece,SVN,SIF3,0
Bled,SVN,SI03,0
Cerkno,SVN,SI14,0
Gorenja Vas-Poljane,SVN,SI32,0
Idrija,SVN,SI36,0
Kranj,SVN,SI52,0
Naklo,SVN,SI62,0
Gorenjska,SVN,SIA3,0
kofja Loka,SVN,SIB9,0
Tolmin,SVN,SID2,0
Tric,SVN,SID5,0
elezniki,SVN,SIF1,0
iri,SVN,SIF2,0
Ajdovcina,SVN,SI01,0
Bovec,SVN,SI06,0
Izola,SVN,SI40,0
Kanal,SVN,SI44,0
Kobarid,SVN,SI46,0
Komen,SVN,SI49,0
Koper,SVN,SI50,0
Piran,SVN,SIJ9,0
Seana,SVN,SIB7,0
Vipava,SVN,SIE1,0
Beltinci,SVN,SI02,0
Dornava,SVN,SI24,0
Gorinica,SVN,SI28,0
Dornava,SVN,SI42,0
Kobilje,SVN,SI47,0
Pomurska,SVN,SI80,0
Odranci,SVN,SI86,0
Ormo,SVN,SI87,0
Turnice,SVN,SID6,0
Zavrc,SVN,SIE9,0
Bratislavský,SVK,LO02,0
Banskobystrický,SVK,LO01,0
ilinský,SVK,LO08,0
Trnavský,SVK,SI07,0
Koický,SVK,LO03,0
Preov,SVK,LO05,0
Juno-Backi,SRB,RB02,0
Juno-Banatski,SRB,RB02,0
Srednje-Banatski,SRB,RB02,0
Balvi,LVA,LG03,0
Kraslava,LVA,LG11,0
Ludza,LVA,LG15,0
Latgale,LVA,LG19,0
Saldus,LVA,LG21,0
Panevezio,LTU,LH60,0
iauliai,LTU,LH61,0
Aluksne,LVA,LG02,0
Valga,LVA,LG24,0
Zemgale,LVA,LG01,0
Bauska,LVA,LG04,0
Vidzeme,LVA,LG05,0
Daugavpils,LVA,LG06,0
Dobele,LVA,LG07,0
Gulbene,LVA,LG08,0
Jelgava,LVA,LG09,0
Jekabpils,LVA,LG10,0
Limbai,LVA,LG14,0
Madona,LVA,LG16,0
Ogre,LVA,LG17,0
Preili,LVA,LG18,0
Talsi,LVA,LG22,0
Tukums,LVA,LG23,0
Valmiera,LVA,LG25,0
Gorkha,NPL,NP04,0
Najran,SAU,SA16,0
Ar Riyad,SAU,SA10,0
Ad Dawhah,QAT,QA01,0
Al Jumayliyah,QAT,QA03,0
Madinat ach Shamal,QAT,QA07,0
Baluchistan,PAK,PK02,0
F.C.T.,PAK,PK08,0
F.A.T.A.,PAK,PK01,0
Sind,PAK,PK05,0
Bishkek,KGZ,KG01,0
Ysyk-Köl,KGZ,KG06,0
Naryn,KGZ,KG03,0
Batken,KGZ,KG09,0
Jalal-Abad,KGZ,KG02,0
Talas,KGZ,KG04,0
Osh,KGZ,KG08,0
Banke,NPL,NP02,0
Achham,NPL,NP14,0
Bhaktapur,NPL,NP01,0
Bhojpur,NPL,NP07,0
Trengganu,MYS,MY13,0
Kaohsiung City,TWN,TW02,0
Pingtung,TWN,,0
Tainan City,TWN,,0
Hsinchu city,TWN,,0
Ilan,TWN,,0
Keelung City,TWN,,0
Miaoli,TWN,,0
Taipei City,TWN,TW03,0
Changhwa,TWN,,0
Chiayi city,TWN,,0
Hualien,TWN,,0
,TWN,,0
Taichung City,TWN,,0
Taitung,TWN,,0
Tete,MOZ,MZ08,0
Manica,MOZ,MZ10,0
Chitipa,MWI,MI08,0
Nairobi,KEN,KE05,0
Nampula,MOZ,MZ06,0
North West,ZAF,SF06,0
Quthing,LSO,LT18,0
Leribe,LSO,LT12,0
Antsiranana,MDG,MA01,0
Fianarantsoa,MDG,MA02,0
Mahajanga,MDG,MA03,0
Toamasina,MDG,MA04,0
Toliary,MDG,MA06,0
Madang,PNG,PP12,0
Western,PNG,PP06,0
Morobe,PNG,PP14,0
Îles Loyauté,NCL,NC01,0
Loja,ECU,EC12,0
Galápagos,ECU,EC01,0
San Juan,ARG,AR18,0
Mendoza,ARG,AR08,0
Cañar,ECU,EC04,0
Goiás,BRA,BR29,0
Río Negro,ARG,AR16,0
San Luis,ARG,AR19,0
Córdoba,ARG,AR05,0
Catamarca,ARG,AR02,0
La Rioja,ARG,AR12,0
Salta,ARG,AR17,0
Santiago del Estero,ARG,AR22,0
Tucumán,ARG,AR24,0
Formosa,ARG,AR09,0
Corrientes,ARG,AR06,0
Entre Ríos,ARG,AR08,0
Santa Fe,ARG,AR21,0
São Paulo,BRA,BR32,0
Antioquia,COL,CO02,0
Boyacá,COL,CO36,0
Córdoba,COL,CO12,0
Cienfuegos,CUB,CU08,0
Pinar del Río,CUB,CU01,0
Sancti Spíritus,CUB,CU14,0
Belize,BLZ,BH01,0
Cayo,BLZ,BH02,0
Corozal,BLZ,BH03,0
Orange Walk,BLZ,BH04,0
San José,CRI,CS08,0
Alajuela,CRI,CS01,0
Esmeraldas,ECU,EC09,0
Los Santos,PAN,PM07,0
Ahuachapán,SLV,ES01,0
La Libertad,SLV,ES05,0
Sonsonate,SLV,ES13,0
San Salvador,SLV,ES10,0
La Unión,SLV,ES07,0
San Miguel,SLV,ES09,0
San Vicente,SLV,ES12,0
Usulután,SLV,ES14,0
Stann Creek,BLZ,BH05,0
Chalatenango,SLV,ES03,0
Santa Ana,SLV,ES11,0
Grand'Anse,HTI,HA00,0
Nippes,HTI,HA15,0
Nord-Ouest,HTI,HA03,0
Ciego de Ávila,CUB,CU05,0
Camagüey,CUB,CU05,0
Guantánamo,CUB,CU10,0
Holguín,CUB,CU12,0
Las Tunas,CUB,CU13,0
Santiago de Cuba,CUB,CU15,0
Kingston,JAM,JM17,0
Saint Catherine,JAM,JM10,0
Centre,HTI,HA07,0
Nord-Est,HTI,HA10,0
Sud-Est,HTI,HA13,0
Santiago,DOM,DR25,0
Santiago Rodríguez,DOM,DR26,0
Valverde,DOM,DR27,0
San Juan,DOM,DR23,0
Sánchez Ramírez,DOM,DR21,0
San Pedro de Macorís,DOM,DR24,0
Bogota,COL,CO34,0
Quindío,COL,CO23,0
Caquetá,COL,CO08,0
Nariño,COL,CO20,0
Atlántico,COL,CO04,0
Bolívar,COL,CO35,0
Chocó,COL,CO11,0
Sucre,COL,CO27,0
Arauca,COL,CO03,0
Guaviare,COL,CO14,0
Guainía,COL,CO15,0
Vaupés,COL,CO30,0
Matanzas,CUB,CU03,0
Saint Joseph,DMA,DO06,0
Martinique,FRA,MB**,0
Tanger - Tétouan,MAR,MO16,0
Fès - Boulemane,MAR,MO14,0
Taza - Al Hoceima - Taounate,MAR,MO15,0
Gharb - Chrarda - Béni Hssen,MAR,MO05,0
Chaouia - Ouardigha,MAR,MO06,0
Grand Casablanca,MAR,MO09,0
Rabat - Salé - Zemmour - Zaer,MAR,MO10,0
Meknès - Tafilalet,MAR,MO13,0
Tadla - Azilal,MAR,MO12,0
Oriental,MAR,MO08,0
Souss - Massa - Draâ,MAR,MO04,0
Marrakech - Tensift - Al Haouz,MAR,MO07,0
Doukkala - Abda,MAR,MO11,0
River Gee,LBR,LI22,0
Gbapolu,LBR,LI21,0
Équateur,COD,CG02,0
Extrême-Nord,CMR,CM12,0
Annobón,GNQ,EK03,0
Kié-Ntem,GNQ,EK07,0
Wele-Nzás,GNQ,EK09,0
Wadi Fira,TCD,CD02,0
Ouaddaï,TCD,CD12,0
Nord-Ouest,CMR,CM07,0
Centre,CMR,CM11,0
Est,CMR,CM04,0
Tandjilé,TCD,CD14,0
ibensko-Kninska,HRV,HR13,0
Durrës,ALB,AL42,0
Fier,ALB,AL44,0
Ulcinj,MNE,AL49,0
Cetinje,MNE,MJ00,0
Roaje,MNE,AL47,0
Kukës,ALB,AL47,0
Plav,MNE,AL49,0
Herceg Novi,MNE,HR03,0
Berane,MNE,MJ00,0
Bijelo Polje,MNE,MJ00,0
Kolain,MNE,MJ00,0
Mojkovac,MNE,MJ00,0
Nikic,MNE,MJ00,0
Pluine,MNE,MJ00,0
Pljevlja,MNE,MJ00,0
Podgorica,MNE,MJ00,0
Tivat,MNE,MJ00,0
avnik,MNE,MJ00,0
abljak,MNE,MJ00,0
Korçë,ALB,AL46,0
Gjirokastër,ALB,AL45,0
Dibër,ALB,AL41,0
Lezhë,ALB,AL48,0
Durrës,ALB,AL50,0
Al Isma`iliyah,EGY,EG07,0
Al Qahirah,EGY,EG11,0
Al Qalyubiyah,EGY,EG12,0
Ash Sharqiyah,EGY,EG14,0
As Suways,EGY,EG15,0
Bur Sa`id,EGY,EG19,0
Dumyat,EGY,EG20,0
Matruh,EGY,EG22,0
Al Fayyum,EGY,EG04,0
Al Iskandariyah,EGY,EG06,0
Al Jizah,EGY,EG08,0
Al Minya,EGY,EG10,0
Bani Suwayf,EGY,EG18,0
Kafr ash Shaykh,EGY,EG21,0
Aswan,EGY,EG16,0
Asyut,EGY,EG17,0
Qina,EGY,EG02,0
Suhaj,EGY,EG24,0
Debubawi Keyih Bahri,ERI,DJ04,0
Ali Sabieh,DJI,DJ01,0
Djibouti,DJI,DJ07,0
Arta,DJI,,0
Dikhil,DJI,DJ06,0
Obock,DJI,DJ04,0
Tadjourah,DJI,DJ05,0
Schleswig-Holstein,DEU,GM10,0
Sisacko-Moslavacka,HRV,HR14,0
Jihoceský,CZE,EZ01,0
Kraj Vysocina,CZE,EZ02,0
Prague,CZE,EZ11,0
Stredoceský,CZE,EZ05,0
Berlin,DEU,GM16,0
Sachsen-Anhalt,DEU,GM14,0
Osjecko-Baranjska,HRV,HR10,0
Bjelovarska-Bilogorska,HRV,HR01,0
Koprivnicko-Krievacka,HRV,HR06,0
Varadinska,HRV,HR16,0
Edinet,MDA,MD73,0
Rîscani,MDA,MD84,0
Sîngerei,MDA,MD85,0
Cainari,MDA,MD78,0
Grigoriopol,MDA,MD58,0
Hîncesti,MDA,MD77,0
Ialoveni,MDA,MD78,0
Leova,MDA,MD79,0
Bender,MDA,MD62,0
Camenca,MDA,MD86,0
Tartu,EST,EN18,0
Al Farwaniyah,KWT,KU06,0
Qazax,AZE,AJ40,0
Qazax,AZE,AJ40,0
Lori,ARM,AM06,0
Erevan,ARM,AM11,0
Agstafa,AZE,AJ05,0
Dask?s?n,AZE,AJ16,0
G?d?b?y,AZE,AJ19,0
G?nc?,AZE,AJ20,0
Xanlar,AZE,AJ20,0
Goranboy,AZE,AJ21,0
K?lb?c?r,AZE,AJ26,0
Ming?çevir,AZE,AJ33,0
Qazax,AZE,AJ40,0
S?mkir,AZE,AJ51,0
Tovuz,AZE,AJ58,0
Baki,AZE,AJ01,0
Abseron,AZE,AJ01,0
Agdam,AZE,AJ03,0
Agdas,AZE,AJ04,0
Agsu,AZE,AJ06,0
?li Bayramli,AZE,AJ07,0
Astara,AZE,AJ08,0
B?rd?,AZE,AJ11,0
Beyl?qan,AZE,AJ12,0
Bil?suvar,AZE,AJ13,0
C?brayil,AZE,AJ14,0
C?lilabad,AZE,AJ15,0
D?v?çi,AZE,AJ17,0
Füzuli,AZE,AJ18,0
Göyçay,AZE,AJ22,0
Imisli,AZE,AJ24,0
Ismayilli,AZE,AJ25,0
Kürd?mir,AZE,AJ27,0
Astara,AZE,AJ29,0
Masalli,AZE,AJ29,0
Lerik,AZE,AJ31,0
Neftçala,AZE,AJ36,0
Qobustan,AZE,AJ41,0
Siy?z?n,AZE,AJ42,0
Saatli,AZE,AJ45,0
Sabirabad,AZE,AJ46,0
Salyan,AZE,AJ49,0
Samaxi,AZE,AJ50,0
Sumqayit,AZE,AJ54,0
Ucar,AZE,AJ59,0
Xizi,AZE,AJ63,0
Yardimli,AZE,AJ66,0
Z?rdab,AZE,AJ71,0
Agcab?di,AZE,AJ01,0
Balak?n,AZE,AJ10,0
Q?b?l?,AZE,AJ37,0
Oguz,AZE,AJ37,0
Qax,AZE,AJ39,0
S?ki,AZE,AJ39,0
Quba,AZE,AJ42,0
Qusar,AZE,AJ44,0
Xaçmaz,AZE,AJ60,0
Zaqatala,AZE,AJ70,0
Xocav?nd,AZE,AJ14,0
L?nk?ran,AZE,AJ29,0
Qubadli,AZE,AJ43,0
T?rt?r,AZE,AJ57,0
Xocali,AZE,AJ61,0
Z?ngilan,AZE,AJ69,0
Balkh,AFG,AF30,0
Ghazni,AFG,AF08,0
Khost,AFG,AF37,0
Nuristan,AFG,AF38,0
Kunduz,AFG,AF24,0
Wardak,AFG,AF27,0
Batdâmbâng,KHM,CB29,0
Kâmpóng Cham,KHM,CB02,0
Kâmpóng Sp,KHM,CB04,0
Kâmpóng Thum,KHM,CB05,0
Phnom Penh,KHM,CB22,0
Prey Vêng,KHM,CB14,0
Preah Vihéar,KHM,CB13,0
Stng Trêng,KHM,CB17,0
Môndól Kiri,KHM,CB10,0
Kâmpôt,KHM,CB21,0
Kep,KHM,CB26,0
Svay Rieng,KHM,CB18,0
Takêv,KHM,CB19,0
Ningxia Hui,CHN,CH21,0
Dhaka,BGD,BG81,0
Gorontalo,IDN,ID34,0
Bandundu,COD,CG01,0
Kasaï-Occidental,COD,CG03,0
Chitipa,MWI,MI04,0
Malanje,AGO,AO12,0
Luanda,AGO,AO10,0
Uíge,AGO,AO15,0
Kinshasa City,COD,CG06,0
Cabinda,AGO,AO03,0
Bié,AGO,AO02,0
Benguela,AGO,AO01,0
Huambo,AGO,AO08,0
Namibe,AGO,AO13,0
Katanga,COD,CG05,0
Kasungu,MWI,MI09,0
Mzimba,MWI,MI15,0
Nkhata Bay,MWI,MI17,0
Nkhotakota,MWI,MI18,0
Rumphi,MWI,MI21,0
Machinga,MWI,MI28,0
Dedza,MWI,MI06,0
Dowa,MWI,MI07,0
Lilongwe,MWI,MI11,0
Mangochi,MWI,MI12,0
Mchinji,MWI,MI13,0
Ntcheu,MWI,MI16,0
Ntchisi,MWI,MI20,0
Salima,MWI,MI22,0
Balaka,MWI,MI26,0
Chikwawa,MWI,MI02,0
Chiradzulu,MWI,MI03,0
Thyolo,MWI,MI05,0
Nsanje,MWI,MI19,0
Zomba,MWI,MI23,0
Blantyre,MWI,MI24,0
Mwanza,MWI,MI25,0
Mulanje,MWI,MI29,0
Phalombe,MWI,MI30,0
Inhambane,MOZ,MZ03,0
Maputo,MOZ,MZ04,0
Cocos (Keeling) Islands,CCK,CK00,0
Cocos (Keeling) Islands,CCK,CK00,0
Jervis Bay Territory,AUS,,0
Huehuetenango,GTM,GT08,0
Petén,GTM,GT12,0
Quezaltenango,GTM,GT13,0
Retalhuleu,GTM,GT15,0
San Marcos,GTM,GT17,0
Chimaltenango,GTM,GT03,0
Escuintla,GTM,GT06,0
Guatemala,GTM,GT07,0
Suchitepéquez,GTM,GT20,0
Sacatepéquez,GTM,GT16,0
Sololá,GTM,GT19,0
Totonicapán,GTM,GT21,0
Bocas del Toro,PAN,PM01,0
Chiquimula,GTM,GT04,0
Jalapa,GTM,GT10,0
Jutiapa,GTM,GT11,0
Zacapa,GTM,GT22,0
Monte Cristi,DOM,DR15,0
Puerto Plata,DOM,DR18,0
Dajabón,DOM,DR04,0
Espaillat,DOM,DR08,0
Hermanas,DOM,,0
Barahona,DOM,DR03,0
La Estrelleta,DOM,DR11,0
Pedernales,DOM,DR16,0
Azua,DOM,DR01,0
La Vega,DOM,DR30,0
Monseñor Nouel,DOM,DR31,0
Peravia,DOM,DR35,0
San José de Ocoa,DOM,DR00,0
Hato Mayor,DOM,DR29,0
Monte Plata,DOM,DR32,0
María Trinidad Sánchez,DOM,DR14,0
Samaná,DOM,DR20,0
San Cristóbal,DOM,DR33,0
La Romana,DOM,DR12,0
French Guiana,FRA,FG01,0
East Ayrshire,GBR,UK87,0
East Dunbartonshire,GBR,UK87,0
East Renfrewshire,GBR,UK87,0
Glasgow,GBR,UK87,0
Inverclyde,GBR,UK87,0
North Ayshire,GBR,UK87,0
North Lanarkshire,GBR,UK87,0
Renfrewshire,GBR,UK87,0
South Ayrshire,GBR,UK87,0
South Lanarkshire,GBR,UK87,0
West Dunbartonshire,GBR,UK87,0
Aberdeen,GBR,UK82,0
Aberdeenshire,GBR,UK82,0
Moray,GBR,UK82,0
Falkirk,GBR,UK79,0
Stirling,GBR,UK79,0
Clackmannanshire,GBR,UK88,0
Angus,GBR,UK84,0
Dundee,GBR,UK84,0
East Lothian,GBR,UK84,0
Edinburgh,GBR,UK84,0
Midlothian,GBR,UK84,0
West Lothian,GBR,UK84,0
Scottish Borders,GBR,UK78,0
Tyne and Wear,GBR,UK41,0
Darlington,GBR,UK13,0
Durham,GBR,UK13,0
Hartlepool,GBR,UK07,0
Middlesbrough,GBR,UK07,0
Redcar and Cleveland,GBR,UK07,0
Stockton-on-Tees,GBR,UK07,0
Southampton,GBR,UK19,0
Milton Keynes,GBR,UK31,0
Bath and North East Somerset,GBR,UK01,0
Bristol,GBR,UK01,0
North Somerset,GBR,UK01,0
South Gloucestershire,GBR,UK01,0
Bournemouth,GBR,UK12,0
Poole,GBR,UK12,0
Kingston upon Hull,GBR,UK22,0
North East Lincolnshire,GBR,UK22,0
North Lincolnshire,GBR,UK22,0
Derby,GBR,UK10,0
Barking and Dagenham,GBR,UK17,0
Bexley,GBR,UK17,0
Brent,GBR,UK17,0
Bromley,GBR,UK17,0
Camden,GBR,UK17,0
Croydon,GBR,UK17,0
Ealing,GBR,UK17,0
Enfield,GBR,UK17,0
Greenwich,GBR,UK17,0
Hammersmith and Fulham,GBR,UK17,0
Hounslow,GBR,UK17,0
Islington,GBR,UK17,0
Kensington and Chelsea,GBR,UK17,0
Merton,GBR,UK17,0
Redbridge,GBR,UK17,0
Richmond upon Thames,GBR,UK17,0
Sutton,GBR,UK17,0
Tower Hamlets,GBR,UK17,0
Waltham Forest,GBR,UK17,0
Wandsworth,GBR,UK17,0
Westminster,GBR,UK17,0
Belfast,GBR,UK58,0
Derry,GBR,UK70,0
Omagh,GBR,UK76,0
Armagh,GBR,UK54,0
Newry and Mourne,GBR,UK73,0
Banbridge,GBR,UK57,0
Craigavon,GBR,UK63,0
Dungannon,GBR,UK65,0
Lisburn,GBR,UK69,0
Ulster,GBR,UK62,0
Antrim,GBR,UK52,0
Magherafelt,GBR,UK71,0
Ballymena,GBR,UK55,0
Larne,GBR,UK67,0
Carrickfergus,GBR,UK59,0
Newtownabbey,GBR,UK74,0
North Down,GBR,UK75,0
Coleraine,GBR,UK61,0
Ballymoney,GBR,UK56,0
Limavady,GBR,UK68,0
Castlereagh,GBR,UK60,0
Halton,GBR,UK28,0
Bridgend,GBR,UK94,0
Caerphilly,GBR,UK94,0
Merthyr Tydfil,GBR,UK94,0
"Rhondda, Cynon, Taff",GBR,UK94,0
Cardiff,GBR,UK96,0
Swansea,GBR,UK97,0
York,GBR,UK30,0
Telford and Wrekin,GBR,UK35,0
Blackburn with Darwen,GBR,UK25,0
East Riding of Yorkshire,GBR,UK22,0
Wrexham,GBR,UK90,0
Conwy,GBR,UK93,0
Newport,GBR,UK92,0
Strabane,GBR,UK77,0
Ards,GBR,UK53,0
Plymouth,GBR,UK08,0
Torbay,GBR,UK11,0
Adrar,DZA,AG34,0
Oran,DZA,AG09,0
Sidi Bel Abbès,DZA,AG30,0
Tlemcen,DZA,AG15,0
Béchar,DZA,AG38,0
Tindouf,DZA,AG54,0
Banjul,GMB,GA05,0
Eastern,GHA,GH05,0
Western,GHA,GH09,0
Annaba,DZA,AG37,0
El Tarf,DZA,AG44,0
Jijel,DZA,AG24,0
Skikda,DZA,AG31,0
Tomsk,RUS,RS75,0
Estuaire,GAB,GB01,0
Illizi,DZA,AG46,0
El Bayadh,DZA,AG42,0
El Oued,DZA,,0
Ghardaïa,DZA,AG45,0
Laghouat,DZA,AG25,0
Ouargla,DZA,AG50,0
Alger,DZA,AG01,0
Tizi Ouzou,DZA,AG14,0
Tipaza,DZA,AG55,0
Aïn Defla,DZA,AG35,0
Chlef,DZA,AG41,0
Mascara,DZA,AG26,0
Mostaganem,DZA,AG07,0
Relizane,DZA,AG51,0
Saïda,DZA,AG10,0
Tiaret,DZA,AG13,0
Tissemsilt,DZA,AG56,0
Blida,DZA,AG20,0
Bouira,DZA,AG21,0
Biskra,DZA,AG19,0
Djelfa,DZA,AG22,0
Médéa,DZA,AG06,0
M'Sila,DZA,AG32,0
Sétif,DZA,AG12,0
Batna,DZA,AG03,0
Constantine,DZA,AG48,0
Guelma,DZA,AG23,0
Khenchela,DZA,AG47,0
Mila,DZA,AG48,0
Oum el Bouaghi,DZA,AG29,0
Souk Ahras,DZA,AG52,0
Tébessa,DZA,AG33,0
Sliven,BGR,BU39,0
Haskovo,BGR,BU43,0
Stara Zagora,BGR,BU43,0
Pazardzhik,BGR,BU51,0
Plovdiv,BGR,BU51,0
Smolyan,BGR,BU51,0
Kardzhali,BGR,GR01,0
Pernik,BGR,BU58,0
Gabrovo,BGR,BU46,0
Lovech,BGR,BU46,0
Pleven,BGR,BU46,0
Veliko Tarnovo,BGR,BU46,0
Montana,BGR,BU47,0
Vratsa,BGR,BU47,0
Kyustendil,BGR,BU58,0
Vidin,BGR,BU47,0
Burgas,BGR,BU39,0
Yambol,BGR,BU39,0
Razgrad,BGR,BU52,0
Targovishte,BGR,BU52,0
Shumen,BGR,BU61,0
Dobrich,BGR,BU61,0
Varna,BGR,BU61,0
Silistra,BGR,RO41,0
Ruse,BGR,BU52,0
Adygey,RUS,RS01,0
Karachay-Cherkess,RUS,RS32,0
Ingush,RUS,RS19,0
Kabardin-Balkar,RUS,RS22,0
North Ossetia,RUS,RS68,0
Chukchi Autonomous Okrug,RUS,RS15,0
Kaliningrad,RUS,RS23,0
Salzburg,AUT,AU05,0
Salzburg,AUT,AU07,0
Murmansk,RUS,SV00,0
Murmansk,RUS,RS28,0
Novgorod,RUS,RS52,0
Leningrad,RUS,RS42,0
City of St. Petersburg,RUS,RS52,0
Brest,BLR,BO01,0
Homyel',BLR,BO02,0
Mahilyow,BLR,BO04,0
Vitsyebsk,BLR,BO07,0
Bryansk,RUS,RS10,0
Hrodna,BLR,BO03,0
Minsk,BLR,BO06,0
Pärnu,EST,EN11,0
Põlva,EST,EN12,0
Rapla,EST,EN13,0
Valga,EST,EN19,0
Viljandi,EST,EN20,0
Võru,EST,EN21,0
Saare,EST,EN14,0
Karelia,RUS,RS28,0
Ivanovo,RUS,RS21,0
Nizhegorod,RUS,RS51,0
Tver',RUS,RS77,0
Vologda,RUS,RS85,0
Kaluga,RUS,RS25,0
Kursk,RUS,RS41,0
Lipetsk,RUS,RS43,0
Moskovsskaya,RUS,,0
Moskva,RUS,RS47,0
Orel,RUS,RS56,0
Rostov,RUS,RS61,0
Tula,RUS,RS76,0
Volgograd,RUS,RS84,0
Belgorod,RUS,RS09,0
Krasnodar,RUS,RS38,0
Mordovia,RUS,RS46,0
Penza,RUS,RS57,0
Vladimir,RUS,RS83,0
Voronezh,RUS,RS86,0
Chelyabinsk,RUS,RS13,0
Kurgan,RUS,RS40,0
Nenets,RUS,RS50,0
Yamal-Nenets,RUS,RS87,0
Kirov,RUS,RS33,0
Sverdlovsk,RUS,RS71,0
Udmurt,RUS,RS80,0
Chuvash,RUS,RS16,0
Kalmyk,RUS,RS24,0
Orenburg,RUS,RS55,0
Saratov,RUS,RS67,0
Ul'yanovsk,RUS,RS81,0
Khanty-Mansiy,RUS,RS32,0
Omsk,RUS,RS54,0
Kemerovo,RUS,RS29,0
Khakass,RUS,RS31,0
Novosibirsk,RUS,RS53,0
Ad Dakhliyah,OMN,MU02,0
Banaadir,SOM,SO02,0
Nugaal,SOM,SO18,0
Al Dhahira,OMN,AE02,0
S?d?r?k,AZE,AM02,0
Ordubad,AZE,AM08,0
S?rur,AZE,AM10,0
Bab?k,AZE,AJ35,0
Culfa,AZE,AJ35,0
Naxçivan,AZE,AJ35,0
Sahbuz,AZE,AJ35,0
Al Batnah,OMN,AE04,0
Chandigarh,IND,IN05,0
Khulna,BGD,BG82,0
Ha,BTN,BT10,0
Kandy,LKA,CE29,0
Matale,LKA,CE29,0
Nuwara Eliya,LKA,CE29,0
Ampara,LKA,CE31,0
Batticaloa,LKA,CE31,0
Polonnaruwa,LKA,CE31,0
Trincomalee,LKA,CE31,0
Anuradhapura,LKA,CE30,0
Vavuniya,LKA,CE30,0
Mannar,LKA,CE31,0
Mullaitivu,LKA,CE31,0
Jaffna,LKA,CE31,0
Kilinochchi,LKA,CE31,0
Kurunegala,LKA,CE32,0
Puttalam,LKA,CE32,0
Ratnapura,LKA,CE33,0
Galle,LKA,CE34,0
Hambantota,LKA,CE34,0
Matara,LKA,CE34,0
Badulla,LKA,CE35,0
Moneragala,LKA,CE35,0
Kegalle,LKA,CE33,0
Colombo,LKA,CE36,0
Gampaha,LKA,CE36,0
Kalutara,LKA,CE36,0
Kayah,MMR,BM06,0
Barisal,BGD,BG85,0
Chittagong,BGD,BG80,0
Sylhet,BGD,BG86,0
Mongar,BTN,BT12,0
Samdrup Jongkhar,BTN,BT17,0
Inch'on-gwangyoksi,KOR,KS12,0
Seoul,KOR,KS11,0
Gwangju,KOR,KS16,0
Kyongsang-namdo,KOR,KS20,0
Daegu,KOR,KS06,0
Busan,KOR,KS10,0
Ulsan,KOR,KS10,0
Sabah,PHL,RP,0
Cebu,PHL,RP21,0
Siquijor,PHL,RP69,0
Iloilo,PHL,RP30,0
Romblon,PHL,RP54,0
Masbate,PHL,RP39,0
Sorsogon,PHL,RP58,0
Tarlac,PHL,RP63,0
Batangas,PHL,RP09,0
Bulacan,PHL,RP13,0
Quezon,PHL,RPH2,0
Biliran,PHL,RP37,0
Evenk,RUS,RS18,0
Krasnoyarsk,RUS,RS39,0
Taymyr,RUS,RS74,0
Tuva,RUS,RS79,0
Buryat,RUS,RS11,0
Ust-Orda Buryat,RUS,RS82,0
Aga Buryat,RUS,RS02,0
Amur,RUS,RS05,0
Chita,RUS,RS14,0
Primor'ye,RUS,RS59,0
Chukot,RUS,RS63,0
Yevrey,RUS,RS89,0
Khabarovsk,RUS,RS30,0
Maga Buryatdan,RUS,RS44,0
Eastern,FJI,FJ02,0
Western,FJI,FJ05,0
North-West,BWA,BC08,0
Kalangala,UGA,UG36,0
Karuzi,BDI,BY14,0
Cibitoke,BDI,BY12,0
Ngozi,BDI,BY19,0
Southern,BWA,BC10,0
South Australia,AUS,AS05,0
Norfolk Island,NFK,AS02,0
Languedoc-Roussillon,FRA,FRA9,0
Midi-Pyrénées,FRA,FRB3,0
Centre,FRA,FRA3,0
Brighton and Hove,GBR,UK44,0
Havering,GBR,UK15,0
Thurrock,GBR,UK15,0
Medway,GBR,UK24,0
Southend-on-Sea,GBR,UK24,0
Champagne-Ardenne,FRA,FRA4,0
Nord-Pas-de-Calais,FRA,FRB4,0
Aisén del General Carlos Ibáñez del Campo,CHL,CI02,0
Tarapacá,CHL,CI13,0
Antofagasta,CHL,CI03,0
La Araucanía,CHL,CI04,0
Los Ríos,CHL,CI09,0
Bío-Bío,CHL,CI06,0
Chihuahua,MEX,MX06,0
Durango,MEX,MX10,0
Sinaloa,MEX,MX25,0
Zacatecas,MEX,MX32,0
Nuevo León,MEX,MX19,0
Aguascalientes,MEX,MX01,0
Colima,MEX,MX08,0
Campeche,MEX,MX04,0
Puebla,MEX,MX21,0
Tlaxcala,MEX,MX29,0
Guanajuato,MEX,MX11,0
México,MEX,MX15,0
Yucatán,MEX,MX31,0
Pituffik,GRL,,0
Moray,GBR,UK83,0
Argyll and Bute,GBR,UK83,0
Luton,GBR,UK02,0
Hillingdon,GBR,UK40,0
Kingston upon Thames,GBR,UK40,0
Swindon,GBR,UK46,0
Portsmouth,GBR,UK23,0
Peterborough,GBR,UK05,0
Leicester,GBR,UK26,0
Rutland,GBR,UK26,0
Nottingham,GBR,UK33,0
Hackney,GBR,UK17,0
Haringey,GBR,UK17,0
Harrow,GBR,UK17,0
Lambeth,GBR,UK17,0
Lewisham,GBR,UK17,0
Newham,GBR,UK17,0
Southwark,GBR,UK17,0
Moyle,GBR,UK72,0
Warrington,GBR,UK06,0
Stoke-on-Trent,GBR,UK38,0
Manchester,GBR,UK18,0
Nouakchott,MRT,MR06,0
Gorgol,MRT,MR04,0
Kénédougou,BFA,UV54,0
Kossi,BFA,UV58,0
Balé,BFA,UV63,0
Boulkiemdé,BFA,UV19,0
Bazéga,BFA,UV47,0
Passoré,BFA,UV34,0
Sanguié,BFA,UV36,0
Ziro,BFA,UV72,0
Ganzourgou,BFA,UV50,0
Zoundwéogo,BFA,UV44,0
Bougouriba,BFA,UV48,0
Poni,BFA,UV69,0
Bauchi,NGA,NI46,0
Katsina,NGA,NI24,0
Gnagna,BFA,UV21,0
Séno,BFA,UV71,0
Ghadamis,LBY,LY56,0
Ionioi Nisoi,GRC,GR25,0
Serbian Republic,BIH,BK00,0
Zenica-Doboj,BIH,BK00,0
Ohrid,MKD,MK,0
Resen,MKD,MK86,0
Bitola,MKD,MK06,0
Demir Hisar,MKD,MK24,0
Ohrid,MKD,MK74,0
Skopje,MKD,MK79,0
Prilep,MKD,MK82,0
Probistip,MKD,MK83,0
Radovis,MKD,MK84,0
Kriva Palanka,MKD,MK85,0
Saraj,MKD,MK90,0
Sopiste,MKD,MK92,0
Studenicani,MKD,MKA2,0
Sveti Nikole,MKD,MKA4,0
Veles,MKD,MKB1,0
Zelenikovo,MKD,MKC2,0
Aracinovo,MKD,MK01,0
Lipkovo,MKD,MK01,0
Caka,MKD,MK15,0
Demir Kapija,MKD,MK25,0
Dolneni,MKD,MK28,0
Gradsko,MKD,MK35,0
Lozovo,MKD,MK35,0
Konce,MKD,MK35,0
Karbinci,MKD,MK40,0
Skopje,MKD,MK44,0
Kocani,MKD,MK46,0
Kratovo,MKD,MK51,0
Kumanovo,MKD,MK57,0
Brod,MKD,MK63,0
Zajas,MKD,MKC1,0
Debar,MKD,MK21,0
Kicevo,MKD,MK43,0
Tearce,MKD,MKA5,0
Tetovo,MKD,MKA6,0
Gostivar,MKD,MK34,0
Jegunovce,MKD,MK38,0
Al Kufrah,LBY,LY08,0
Al Marqab,LBY,LY50,0
Ghat,LBY,LY52,0
Murzuq,LBY,LY30,0
Misratah,LBY,LY58,0
Sabha,LBY,LY34,0
Zlitan,LBY,LY45,0
Al Jifarah,LBY,LY03,0
Az Zawiyah,LBY,LY53,0
Mizdah,LBY,LY57,0
Bani Walid,LBY,LY59,0
Tajura' wa an Nawahi al Arba,LBY,LY61,0
Tarhunah,LBY,LY41,0
Yafran-Jadu,LBY,LY62,0
Al Hizam Al Akhdar,LBY,LY48,0
Ajdabiya,LBY,LY47,0
Benghazi,LBY,LY54,0
Surt,LBY,LY60,0
Al Qubbah,LBY,LY55,0
Al Butnan,LBY,LY42,0
Stereá Elláda,GRC,GR33,0
Ayion Oros,GRC,GR15,0
Valandovo,MKD,MKA8,0
Vasilevo,MKD,MKA9,0
Bogdanci,MKD,MK08,0
Novo Selo,MKD,MK72,0
Blagoevgrad,BGR,MK78,0
Vinitsa,MKD,MKB4,0
Berovo,MKD,MK04,0
Delcevo,MKD,MK22,0
Makedonska Kamenica,MKD,MK52,0
Zinguldak,TUR,TU85,0
Kinkkale,TUR,TU79,0
Kakheti,GEO,AJ52,0
Mtskheta-Mtianeti,GEO,RS19,0
Tbilisi,GEO,AJ40,0
Kvemo Kartli,GEO,AJ40,0
Dihok,IRQ,IZ08,0
Sala ad-Din,IRQ,IZ18,0
Haifa,ISR,IS04,0
Tel Aviv,ISR,IS05,0
Jerusalem,ISR,IS06,0
An-Najaf,IRQ,IZ17,0
Jinja,UGA,UG33,0
Kumi,UGA,UG46,0
Kaberamaido,UGA,UG80,0
Kayunga,UGA,UG83,0
Iganga,UGA,UGA2,0
Kamuli,UGA,UGA3,0
Kyoga,UGA,UGB4,0
Bulamogi,UGA,UGC2,0
Budaka,UGA,UGC9,0
Busiki,UGA,UGD2,0
Soroti,UGA,UG95,0
Mukono,UGA,UG90,0
Pallisa,UGA,UGB3,0
Sembabule,UGA,UG74,0
Mpigi,UGA,UG89,0
Adjumani,UGA,UG65,0
Arua Municipality,UGA,UG99,0
Koboko,UGA,UGC4,0
Bujenje,UGA,UGD1,0
Gulu,UGA,UGD4,0
Nebbi,UGA,UG58,0
Moyo,UGA,UG72,0
Yumbe,UGA,UG97,0
Maracha,UGA,UGD5,0
Kampala,UGA,UG37,0
Kiboga,UGA,UG42,0
Nakasongola,UGA,UG73,0
Bamunanika,UGA,UGA8,0
Mubende,UGA,UGB2,0
Busujju,UGA,UGC6,0
Nakaseke,UGA,UGC7,0
Kitgum,UGA,UG84,0
Apac,UGA,UG98,0
Aswa,UGA,UGA1,0
Lira,UGA,UGA7,0
Dokolo,UGA,UGD3,0
Masindi,UGA,UG50,0
Oyam,UGA,UGD6,0
Bundibugyo,UGA,UG28,0
Hoima,UGA,UG31,0
Kabarole,UGA,UG79,0
Kyenjojo,UGA,UG85,0
Kibale,UGA,UG41,0
Kapchorwa,UGA,UGA4,0
Kongasis,UGA,UGB6,0
Budadiri,UGA,UG94,0
Bungokho,UGA,UGA9,0
Manafwa,UGA,UGC5,0
Bugiri,UGA,UG66,0
Busia,UGA,UG67,0
Bunyole,UGA,UGB7,0
Tororo,UGA,UG76,0
Usuk,UGA,UGA5,0
Jie,UGA,UGA6,0
Amuria,UGA,UGB5,0
Kaabong,UGA,UGC1,0
Labwor,UGA,UGC8,0
Moroto,UGA,UG88,0
"Southern Nations, Nationalities and Peoples",ETH,ET54,0
Gambela Peoples,ETH,ET49,0
Finström,ALA,FI01,0
Lódz,POL,PL51,0
Podlachian,POL,PL44,0
Lublin,POL,PL23,0
Tolna,HUN,HU21,0
Nógrád,HUN,HU14,0
Opole,POL,PL48,0
Békés,HUN,HU03,0
Csongrád,HUN,HU06,0
Heves,HUN,HU11,0
Oulu,FIN,,0
Päijänne Tavastia,FIN,,0
Southern Savonia,FIN,,0
North Karelia,FIN,,0
Aqtöbe,KAZ,KZ04,0
Qostanay,KAZ,KZ13,0
Qyzylorda,KAZ,KZ14,0
Atyrau,KAZ,KZ06,0
Perm',RUS,RS90,0
West Kazakhstan,KAZ,KZ07,0
Aqmola,KAZ,KZ03,0
Qaraghandy,KAZ,KZ12,0
North Kazakhstan,KAZ,KZ16,0
Pavlodar,KAZ,KZ11,0
East Kazakhstan,KAZ,KZ15,0
Bayan-Ölgiy,MNG,MG03,0
Kohgiluyeh and Buyer Ahmad,IRN,IR05,0
Bushehr,IRN,IR22,0
Esfahan,IRN,IR28,0
Semnan,IRN,IR25,0
Tehran,IRN,IR26,0
Yazd,IRN,IR40,0
Chahar Mahall and Bakhtiari,IRN,IR03,0
Ilam,IRN,IR10,0
Al-Basrah,IRQ,IZ02,0
Al-Muthannia,IRQ,IZ03,0
Fujayrah,OMN,MU00,0
Ardebil,IRN,IR32,0
Qom,IRN,IR39,0
Hamadan,IRN,IR09,0
Zanjan,IRN,IR36,0
Qazvin,IRN,IR38,0
West Azarbaijan,IRN,IR01,0
East Azarbaijan,IRN,IR01,0
Kermanshah,IRN,IR13,0
As-Sulaymaniyah,IRQ,IZ05,0
Sistan and Baluchestan,IRN,IR04,0
Kerman,IRN,IR29,0
South Kazakhstan,KAZ,KZ10,0
Zhambyl,KAZ,KZ17,0
Rajshahi,BGD,BG83,0
Kayin,MMR,BM05,0
Mandalay,MMR,BM08,0
Yangon,MMR,BM17,0
Mon,MMR,BM13,0
Louang Namtha,LAO,LA16,0
Rakhine,MMR,BM01,0
Chin,MMR,BM02,0
Shan,MMR,BM11,0
Xaignabouri,LAO,LA13,0
Tanintharyi,MMR,BM12,0
Saravan,LAO,LA19,0
Savannakhét,LAO,LA20,0
Vientiane [prefecture],LAO,LA00,0
Vientiane,LAO,LA27,0
Xaisômboun,LAO,LA27,0
Xiangkhoang,LAO,LA14,0
Louangphrabang,LAO,LA17,0
Oudômxai,LAO,LA07,0
Phôngsali,LAO,LA18,0
Attapu,LAO,LA01,0
Xékong,LAO,LA26,0
Kachin,MMR,BM04,0
Dornogovi,MNG,MG07,0
Ömnögovi,MNG,MG14,0
Sagaing,MMR,BM10,0
Hwanghae-bukto,PRK,KN07,0
Hwanghae-namdo,PRK,KN06,0
P'yongyang,PRK,KN12,0
Namp'o-si,PRK,KN14,0
Hamgyong-bukto,PRK,KN04,0
Kaesong,PRK,KN08,0
Chagang-do,PRK,KN01,0
Hamgyong-namdo,PRK,KN13,0
P'yongan-bukto,PRK,KN11,0
P'yongan-namdo,PRK,KN10,0
Ryanggang,PRK,KN03,0
Bayanhongor,MNG,MG02,0
Dzavhan,MNG,MG09,0
Hovd,MNG,MG00,0
Hövsgöl,MNG,MG13,0
Bulgan,MNG,MG21,0
Orhon,MNG,MG22,0
Dundgovi,MNG,MG00,0
Övörhangay,MNG,MG00,0
Darhan-Uul,MNG,MG05,0
Töv,MNG,MG18,0
Govisümber,MNG,MG20,0
Ulaanbaatar,MNG,MG20,0
Sühbaatar,MNG,MG17,0
Mbeya,TZA,TZ09,0
Karas,NAM,WA03,0
Khomas,NAM,WA04,0
Kunene,NAM,WA05,0
Erongo,NAM,WA01,0
Otjozondjupa,NAM,WA01,0
Omusati,NAM,WA05,0
Oshana,NAM,WA11,0
Ohangwena,NAM,WA08,0
Omaheke,NAM,WA09,0
Oshikoto,NAM,WA12,0
Mwanza,TZA,TZ12,0
Shinyanga,TZA,TZ15,0
Tabora,TZA,TZ17,0
Rakai,UGA,UG61,0
Masaka,UGA,UG71,0
Kigoma,TZA,TZ05,0
Bushenyi,UGA,UG29,0
Kasese,UGA,UG40,0
Ibanda,UGA,UGB8,0
Bukanga,UGA,UGB9,0
Mbarara,UGA,UGC3,0
Ntungamo,UGA,UG59,0
Rukungiri,UGA,UG93,0
Kashari,UGA,UGB1,0
Kabale,UGA,UG34,0
Kisoro,UGA,UG43,0
Kanungu,UGA,UG82,0
Dar-Es-Salaam,TZA,TZ23,0
Morogoro,TZA,TZ10,0
Kaskazini-Unguja,TZA,TZ22,0
Dodoma,TZA,TZ03,0
Iringa,TZA,TZ04,0
Lindi,TZA,TZ07,0
Mtwara,TZA,TZ11,0
Singida,TZA,TZ16,0
West Coast,NZL,NZG3,0
Comunidad Foral de Navarra,ESP,SP88,0
Penghu,TWN,,0
Fribourg,CHE,SZ06,0
Bern,CHE,SZ05,0
Solothurn,CHE,SZ18,0
Comunidad Valenciana,ESP,SP89,0
Mafeteng,LSO,LT13,0
Laâyoune - Boujdour - Sakia El Hamra,MAR,MO02,0
Guelmim - Es-Semara,MAR,MO03,0
Larnaca,CYP,CY03,0
Paphos,CYP,CY06,0
Quiché,GTM,GT14,0
Kamchatka,RUS,RS26,0
Oued el Dahab,MAR,WI00,0
Brussels,BEL,BE11,0
Namur,BEL,,0
Antwerp,BEL,,0
Liege,BEL,,0
Utrecht,NLD,NL09,0
Limassol,CYP,CY05,0
Golan,ISR,,0
Southern,RWA,,0
Western,RWA,,0
Eastern,RWA,,0
Northern,RWA,,0
Kigali City,RWA,,0
Sana'a,YEM,YM16,0
Hadramawt,YEM,YM04,0
Amanat Al Asimah,YEM,,0
Raymah,YEM,,0
Callao,PER,,0
Hawalli,KWT,KU03,0
Western,SLB,BP11,0
,RUS,KZ14,0
New Mexico,USA,US35,0
New Hampshire,USA,US33,0
West Virginia,USA,US54,0
New Jersey,USA,US34,0
