iso,fips,woeid
SOM,SO03,2347008
BEL,,7153299
BEL,,7153301
URY,UY04,0
URY,UY16,0
URY,UY01,0
URY,UY06,2347645
URY,UY11,0
URY,UY12,2347651
URY,UY15,0
URY,UY17,2347656
URY,UY03,2347642
URY,UY05,0
URY,UY13,0
URY,UY18,0
URY,UY19,0
URY,UY02,0
URY,UY07,0
URY,UY08,0
URY,UY09,0
URY,UY10,0
URY,UY14,0
VEN,VE11,20070561
NIC,NU00,0
VEN,VE03,2347679
VEN,VE05,0
VEN,VE14,2347690
VEN,VE20,20070561
VEN,VE21,2347697
VEN,VE23,2347697
VEN,VE23,2347699
VEN,VE08,2347684
VEN,VE07,2347683
VEN,VE13,2347689
VEN,VE18,2347694
VEN,VE22,2347698
SUR,NS14,0
VEN,VE01,2347677
VEN,VE06,2347682
VEN,VE02,0
VEN,VE04,2347680
VEN,VE26,20069993
VEN,VE26,2347686
VEN,VE00,2347700
VEN,VE12,0
VEN,VE16,2347692
VEN,VE15,2347691
VEN,VE00,2347693
VEN,VE19,2347695
TTO,TD11,24549908
TTO,TD00,0
TTO,TD00,0
TTO,TD00,0
TTO,TD00,0
TTO,TD00,0
TTO,TD00,0
TTO,TD00,0
TTO,TD00,0
TTO,TD00,0
TTO,TD00,0
TTO,TD00,0
TTO,TD00,0
TTO,TD00,0
TTO,TD00,0
VEN,VE09,2347685
SUR,NS10,0
SUR,NS13,2346409
SUR,NS15,2346411
SUR,NS18,0
SUR,NS13,2346407
SUR,NS12,0
SUR,NS16,0
SUR,NS17,2346413
SUR,NS19,2346415
NOR,JN00,2346392
IRL,EI03,2345251
IRL,EI01,2345249
IRL,EI04,2345252
IRL,EI02,2345250
ESP,SP80,12578029
GIB,GI00,0
ESP,SP84,12578032
ESP,SP85,12578028
ESP,SP85,12578033
ESP,SP87,12578024
TGO,TO25,56048438
TGO,TO24,56048437
TGO,TO23,56048435
TGO,TO22,56048436
TGO,TO26,56048434
NER,NG04,2346327
NER,NG07,2346330
NER,NG03,0
NER,NG09,0
NER,NG06,0
TUN,TS28,0
TUN,TS31,0
TUN,TS34,0
ESP,SP86,0
ESP,SP86,12578034
TUN,TS35,0
TUN,TS38,0
TUN,TS17,0
TUN,TS32,0
TUN,TS18,0
TUN,TS06,0
TUN,TS19,0
TUN,TS36,0
TUN,TS14,0
TUN,TS02,0
TUN,TS29,0
TUN,TS10,0
TUN,TS33,0
TUN,TS32,0
TUN,TS22,0
TUN,TS15,0
TUN,TS16,0
TUN,TS03,0
TUN,TS23,0
TUN,TS37,0
SRB,BU47,0
ROU,RO17,2346631
ROU,RO19,2346633
ROU,RO26,2346639
SRB,RO26,0
ROU,RO29,2346642
ROU,RO35,2346648
ROU,RO10,0
ROU,RO41,0
ROU,RO16,2346630
ROU,RO42,0
ROU,RO22,2346636
ROU,RO14,0
SYR,SY02,0
SYR,SY14,0
SYR,SY04,0
SYR,SY09,0
SYR,SY10,0
SYR,SY11,0
SYR,SY12,0
SYR,SY01,0
SYR,SY07,0
SYR,SY05,0
SYR,SY08,0
SYR,SY03,0
SYR,SY06,0
SDS,SU54,0
SDN,SU42,0
SDN,EG02,0
YEM,YM15,20070038
YEM,YM08,0
YEM,YM10,0
YEM,YM11,0
YEM,YM22,0
YEM,YM00,0
YEM,YM23,0
YEM,YM24,0
YEM,YM25,20070041
CHE,SZ07,0
CHE,SZ26,2347108
CHE,SZ12,0
CHE,SZ01,2347083
CHE,SZ11,0
CHE,SZ13,2347095
CHE,SZ22,2347104
CHE,SZ02,2347084
CHE,SZ15,0
CHE,SZ20,2347102
CHE,SZ08,0
CHE,SZ09,2347091
CHE,SZ16,0
CHE,SZ16,0
CHE,SZ17,0
CHE,SZ19,2347101
CHE,SZ21,2347103
CHE,SZ25,0
CHE,SZ24,0
SWE,SW03,2347046
SWE,SW08,0
SWE,SW09,0
SWE,SW10,2347053
SWE,SW12,2347055
SWE,SW15,0
SWE,SW16,2347059
SWE,SW18,2347061
SWE,SW25,2347066
SWE,SW06,2347049
SWE,SW22,2347063
SWE,SW07,2347050
SWE,SW14,2347057
SWE,SW24,2347065
SWE,SW23,2347064
SWE,SW18,2347048
SWE,SW26,0
SWE,SW21,0
SVN,SI33,0
SVN,SII2,0
SVN,SI00,0
SVN,SI00,0
SVN,SI00,55848361
SVN,SI00,0
SVN,SI00,0
SVN,SI18,0
SVN,SIG4,55848364
SVN,SIG7,0
SVN,SIH6,0
SVN,SIH7,0
SVN,SII3,0
SVN,SII7,55848394
SVN,SII9,0
SVN,SIJ1,0
SVN,SIJ7,0
SVN,SI92,0
SVN,SI93,0
SVN,SIK5,0
SVN,SIK7,0
SVN,SIA4,55848363
SVN,SIL1,0
SVN,SIL3,28350154
SVN,SIL7,0
SVN,SIL8,0
SVN,SIN2,55848377
SVN,SIN3,0
SVN,SIN5,55848398
SVN,SI00,0
SVN,SI00,0
SVN,SI00,55848377
SVN,SI00,55848367
SVN,SI00,55848367
SVN,SI00,0
SVN,SI00,0
SVN,SI00,0
SVN,SI00,0
SVN,SI00,0
SVN,SI00,0
SVN,SI00,0
SVN,SI00,55848358
SVN,SI00,0
SVN,SI00,0
SVN,SI00,0
SVN,SI00,0
SVN,SI00,0
SVN,SI00,0
SVN,SI00,0
SVN,SI00,55848356
SVN,SI00,0
SVN,SI00,0
SVN,SI00,0
SVN,SI00,0
SVN,SI00,0
SVN,SI00,0
SVN,SI00,0
SVN,SI00,55848349
SVN,SI00,0
SVN,SI00,0
SVN,SI70,0
SVN,SIA5,0
SVN,SIH4,0
SVN,SI00,0
SVN,SI84,0
SVN,SI00,0
SWE,SW02,2347045
SVN,SI15,0
SVN,SI59,0
SVN,SII6,0
SVN,SI00,0
SVN,SI00,2346293
SVN,SI00,0
SVN,SI00,20069997
SVN,SI00,0
SVN,SI00,0
SVN,SI00,0
SRB,HR10,0
SRB,HU19,0
SRB,HU19,0
ROU,RO02,0
ROU,RO05,2346619
ROU,RO12,2346626
SRB,RO12,0
ROU,RO36,2346649
SRB,HR18,12577949
RUS,SV00,0
UKR,UP08,2347544
UKR,UP14,0
UKR,UP02,0
UKR,UP18,0
ROU,RO07,0
UKR,UP03,0
UKR,UP06,0
UKR,UP09,0
UKR,UP13,0
UKR,UP19,0
UKR,UP22,0
ROU,RO01,2346615
ROU,RO06,2346620
ROU,RO13,0
ROU,RO21,0
ROU,RO25,2346638
ROU,RO27,2346640
ROU,RO31,2346644
ROU,RO32,0
ROU,RO03,2346617
ROU,RO33,0
ROU,RO39,0
ROU,RO09,0
ROU,RO15,0
ROU,RO20,2346634
ROU,RO23,0
ROU,RO28,2346641
ROU,RO30,2346643
ROU,RO34,0
ROU,RO04,0
ROU,RO08,0
ROU,RO11,0
ROU,RO18,0
ROU,RO38,0
ROU,RO40,2346653
UKR,UP21,2347555
UKR,UP01,0
UKR,UP10,0
UKR,UP11,0
UKR,UP15,0
UKR,UP20,0
UKR,UP24,0
UKR,UP18,0
UKR,UP04,0
UKR,UP05,0
UKR,UP07,0
UKR,UP12,0
UKR,UP16,0
UKR,UP23,0
YEM,YM03,20070032
YEM,YM20,20070043
YEM,YM00,0
YEM,YM21,20070039
YEM,YM05,20070034
YEM,YM14,0
ARE,AE05,0
ARE,AE07,0
ARE,AE03,0
ARE,AE04,0
ARE,AE04,0
ARE,AE04,0
ARE,AE06,0
ARE,AE4&,0
ARE,AE02,2347110
ARE,AE02,0
ARE,AE06,2347114
ARE,AE01,2347109
ARE,AE03,0
TKM,TX02,0
TKM,TX01,0
TKM,TX03,0
UZB,UZ02,0
UZB,UZ05,0
UZB,UZ09,0
UZB,UZ07,0
UZB,UZ10,0
TKM,TX04,0
TKM,TX05,0
UZB,UZ08,2347664
UZB,UZ12,2347668
UZB,UZ01,0
UZB,UZ03,0
UZB,TI04,0
TJK,TI01,2344549
TJK,TI03,20070295
TJK,TI02,0
TJK,TI04,0
UZB,UZ04,0
UZB,UZ11,0
UZB,UZ13,0
NPL,NP12,20070018
THA,TH01,0
THA,TH58,0
THA,TH64,0
THA,TH62,0
THA,TH59,0
THA,TH59,2347183
THA,TH60,0
IDN,ID26,2345735
THA,TH63,0
THA,TH66,0
THA,TH68,0
THA,TH67,0
THA,TH68,0
THA,TH65,0
THA,TH70,0
THA,TH03,0
THA,TH02,0
THA,TH06,0
THA,TH05,0
THA,TH04,0
THA,TH41,0
THA,TH07,2347134
THA,TH12,0
THA,TH09,0
THA,TH10,0
THA,TH50,0
THA,TH11,0
THA,TH13,0
THA,TH14,0
THA,TH51,0
THA,TH08,0
THA,TH15,0
THA,TH35,0
THA,TH32,0
THA,TH34,0
THA,TH43,0
THA,TH74,0
THA,TH16,0
THA,TH36,0
THA,TH39,0
THA,TH33,0
THA,TH37,0
THA,TH40,2347165
THA,TH38,0
THA,TH53,0
THA,TH56,0
THA,TH57,0
THA,TH52,0
THA,TH42,0
THA,TH55,0
THA,TH54,0
THA,TH30,0
THA,TH75,0
THA,TH77,0
THA,TH72,0
VNM,VM13,0
THA,TH46,0
THA,TH44,0
THA,TH48,0
THA,TH80,0
THA,TH47,0
THA,TH49,0
THA,TH28,0
THA,TH26,0
THA,TH22,0
THA,TH23,0
THA,TH24,0
THA,TH32,0
THA,TH25,0
THA,TH29,0
VNM,VM33,0
THA,TH18,0
THA,TH17,0
THA,TH20,0
THA,TH76,0
THA,TH79,0
VNM,VM22,0
VNM,VM72,0
VNM,VM85,0
VNM,VM56,0
VNM,VM39,2346289
VNM,VM32,0
VNM,VM34,0
VNM,VM68,0
VNM,VM70,0
VNM,VM56,0
VNM,VM79,0
VNM,VM81,0
VNM,VM44,0
VNM,VM74,0
VNM,VM86,0
VNM,VM51,0
VNM,VM59,0
VNM,VM80,0
VNM,VM82,2347588
VNM,VM83,2345495
VNM,VM71,0
VNM,VM35,0
THA,TH73,0
THA,TH78,0
VNM,VM52,0
VNM,VM58,0
VNM,VM62,0
VNM,VM07,2347720
VNM,VM49,0
VNM,VM54,0
VNM,VM23,0
VNM,VM60,0
VNM,VM61,0
VNM,VM75,0
VNM,VM76,0
VNM,VM46,2347588
VNM,VM55,0
VNM,,0
VNM,VM63,0
VNM,VM64,7153347
VNM,VM66,0
VNM,VM78,0
IDN,ID37,2345728
THA,TH31,0
THA,TH69,0
VNM,VM45,0
VNM,VM47,0
VNM,VM43,0
VNM,VM01,0
VNM,VM09,0
VNM,VM09,0
VNM,VM20,0
VNM,VM21,2347723
VNM,VM24,0
VNM,VM03,0
VNM,VM60,0
VNM,VM73,0
VNM,VM77,0
VNM,VM65,0
VNM,VM51,0
VNM,VM50,0
VNM,VM05,0
VNM,VM50,0
IDN,ID31,28350156
ZMB,ZA04,2347808
ZMB,ZA05,2347807
ZMB,ZA02,2347805
ZMB,ZA08,2347802
ZMB,ZA03,2347806
ZMB,ZA03,2347806
ZMB,ZA02,0
ZMB,ZA06,2347801
ZMB,ZA07,2347804
ZMB,ZA01,2347803
ZWE,ZI03,2347812
ZWE,ZI10,0
ZWE,ZI06,2347815
ZWE,ZI02,2347811
ZWE,ZI04,2347813
ZWE,ZI01,2347810
ZWE,ZI07,2347816
ZWE,ZI09,0
ZWE,ZI08,0
ZWE,ZI05,2347814
SWZ,WZ01,20069889
SWZ,WZ02,20069891
SWZ,WZ03,20069892
SWZ,WZ04,20069890
IDN,ID29,20069998
IDN,ID24,2345733
IDN,ID10,2345719
TLS,TT00,0
TLS,TT00,0
TLS,TT00,0
TLS,TT00,7153323
TLS,TT00,0
TLS,TT00,0
TLS,TT00,0
TLS,TT00,0
TLS,TT00,0
TLS,TT00,0
TLS,TT00,0
TLS,TT00,0
TLS,ID28,0
IDN,ID28,20069997
IDN,ID17,2345726
IDN,ID22,2345731
IDN,ID21,2345730
IDN,ID36,2345718
NCL,NC00,24549806
VUT,NH07,20069883
VUT,NH13,20069884
VUT,NH15,20069887
VUT,NH16,20069886
VUT,NH17,20069885
VUT,NH18,20069888
PER,PE14,0
PER,PE20,0
PER,PE24,0
PER,PE03,2346470
PER,PE04,0
PER,PE08,0
PER,PE17,2346484
PER,PE21,0
PER,PE18,2346485
PER,PE23,0
BRA,BR01,2344844
PER,PE02,2346469
PER,PE06,0
PER,PE10,0
PER,PE13,2346480
PER,PE19,2346486
PER,PE22,2346489
PER,PE25,2346492
PER,PE01,2346468
PER,PE16,2346483
PER,PE09,2346472
PER,,2346482
PER,PE09,0
PER,PE11,0
PER,PE12,0
PER,PE15,2346482
BRA,BR04,2344847
BRA,BR13,2344854
BRA,BR16,2344857
BRA,BR24,2344865
BRA,BR31,2344870
PRY,PA03,2346463
PRY,PA24,2346450
BRA,BR07,2344850
BRA,BR11,2344853
BRA,BR15,2344856
BRA,BR14,2344855
PRY,PA07,0
PRY,PA08,2346455
PRY,PA16,2346461
PRY,PA17,0
PRY,PA06,0
PRY,PA10,2346456
PRY,PA12,2346458
PRY,PA13,2346459
PRY,PA15,0
BRA,BR23,0
BRA,BR18,2344859
BRA,BR26,2344867
PRY,PA02,2346449
PRY,PA01,2346448
PRY,PA04,0
PRY,PA05,0
PRY,PA19,2346464
PRY,PA11,2346457
BRA,BR06,2344849
BRA,BR20,2344861
BRA,BR02,2344845
BRA,BR05,2344848
BRA,BR08,2344851
BRA,BR17,2344858
BRA,BR21,0
BRA,BR22,2344863
BRA,BR28,2344869
CAN,CA03,2344917
CAN,CA11,2344925
CAN,CA01,2344915
CAN,CA02,2344916
CAN,CA10,20069920
CAN,CA13,2344920
CAN,CA12,2344926
HND,HO01,2345623
HND,HO03,2345625
HND,HO08,2345630
HND,HO09,2345631
HND,HO01,2345633
HND,HO15,2345637
HND,HO18,0
NIC,NU18,2346256
HND,HO17,2345639
HND,HO04,0
HND,HO06,2345628
HND,HO10,0
HND,HO12,0
HND,HO16,0
HND,HO05,2345627
HND,HO13,2345635
HND,HO14,0
NIC,NU02,2346418
NIC,NU06,0
NIC,NU07,0
NIC,NU17,0
NIC,NU08,0
NIC,NU10,0
NIC,NU11,0
HND,HO02,0
HND,HO07,0
NIC,NU03,0
NIC,NU05,0
NIC,NU09,2346425
NIC,NU12,0
NIC,NU13,2346429
NIC,NU01,0
NIC,NU04,2346420
BRA,BR25,2344866
GUY,GY13,2345608
GUY,GY17,2345610
GUY,GY18,2345612
GUY,GY19,2345611
GUY,GY10,2345603
GUY,GY11,2345609
GUY,GY12,2345606
GUY,GY14,2345605
GUY,GY15,2345607
GUY,GY16,2345604
BRA,BR03,0
CAN,CA08,2344922
CAN,CA10,2344924
CAN,CA04,2344918
CAN,CA07,2344921
CAN,CA05,2344919
CAN,CA09,2344923
ISL,IC04,0
ISL,IC04,0
ISL,IC19,0
ISL,IC30,0
ISL,IC34,0
ISL,IC36,0
ISL,IC06,0
ISL,IC20,0
ISL,IC31,0
ISL,IC05,0
ISL,IC09,0
ISL,IC28,0
ISL,IC35,0
ISL,IC21,0
ISL,IC32,0
ISL,IC03,0
ISL,IC10,0
ISL,IC23,0
ISL,IC37,0
ISL,IC07,0
ISL,IC08,0
ISL,IC15,0
ISL,IC17,0
ISL,IC29,0
IRL,EI19,0
IRL,EI10,2345255
IRL,EI20,0
IRL,EI21,2345265
IRL,EI23,2345267
IRL,EI29,2345272
IRL,EI30,2345273
IRL,EI31,2345274
IRL,EI07,2345254
IRL,EI12,0
IRL,EI13,2345258
IRL,EI15,2345260
IRL,EI26,2345270
IRL,EI11,2345256
IRL,EI16,2345261
IRL,EI24,2345268
IRL,EI25,2345269
IRL,EI06,0
IRL,EI14,0
IRL,EI18,0
ESP,SP96,12578025
ESP,SP00,0
ESP,SP00,0
PRT,PO23,15021776
PRT,PO10,2346570
ESP,SP95,12578027
ESP,SP91,12578036
PRT,PO02,0
PRT,PO13,0
PRT,PO20,0
ESP,SP90,12578035
PRT,PO03,0
PRT,PO08,0
PRT,PO09,0
PRT,PO14,0
PRT,PO16,0
PRT,PO18,0
PRT,PO04,0
PRT,PO05,0
PRT,PO06,0
PRT,PO07,0
PRT,PO11,0
PRT,PO17,0
PRT,PO22,0
PRT,PO21,0
ESP,SP85,12578023
ESP,SP94,12578037
SEN,SG01,0
SLE,SL03,2347002
SLE,SL04,0
SLE,SL02,2347001
SEN,SG03,0
SEN,SG09,0
SEN,,0
SEN,SG13,0
SEN,SG14,56055615
SEN,SG07,0
GNB,PU11,0
GNB,PU05,0
GNB,PU06,0
GNB,PU04,2346605
GNB,PU02,2346604
SEN,SG11,0
SEN,SG12,0
GNB,PU01,0
GNB,PU10,0
GNB,PU07,2346608
SEN,SG05,0
LBR,LI16,0
LBR,LI13,2346107
LBR,LI10,0
LBR,LI15,2346109
LBR,LI01,2346099
LBR,LI11,0
LBR,LI12,2346106
LBR,LI20,2346101
LBR,LI14,2346108
LBR,LI17,2346111
SLE,SL01,2347000
LBR,LI09,2346103
LBR,LI18,0
LBR,LI19,0
CAF,CT02,2345090
CAF,CT07,2345095
NER,NG02,0
SDN,SU47,20069894
CMR,CM08,2345036
CMR,CM09,2345037
NER,NG01,2346324
CAF,CT04,2345092
CAF,CT16,2345103
CMR,CM14,2345042
CAF,CT09,2345097
CAF,CT13,2345100
CAF,CT01,2345089
CAF,CT15,2345102
CAF,CT06,2345094
CAF,CT11,2345098
CAF,CT12,2345099
SDN,SU49,20069893
CAF,CT14,2345101
ITA,IT05,7153334
ITA,IT12,7153337
ITA,IT14,7153343
ITA,IT16,7153345
ESP,SP07,12578039
ITA,IT02,7153331
ITA,IT03,7153332
ITA,IT04,7153333
ITA,IT11,7153340
ITA,IT13,7153342
ITA,IT15,7153344
ITA,IT01,7153350
ITA,IT07,7153336
ITA,IT10,7153339
ITA,IT18,7153347
KO-,AL47,0
SRB,RB00,29389210
SRB,RB00,2345486
SRB,RB00,0
SRB,RB00,0
SRB,RB00,0
SRB,RB00,7153334
SRB,RB00,0
SRB,RB02,29389217
SRB,BK00,0
SRB,BK00,0
SRB,RB00,0
KO-,SR01,0
SRB,MK59,0
KO-,SR01,0
SRB,MK97,29389208
SRB,RB00,0
SAU,SA05,0
SAU,SA08,0
SAU,SA13,0
SAU,SA19,0
JOR,JO21,0
JOR,JO15,0
JOR,JO16,0
JOR,JO12,0
JOR,JO19,2347580
JOR,JO18,0
JOR,JO20,20070293
JOR,JO22,0
JOR,JO02,0
JOR,JO23,0
JOR,JO09,0
JOR,JO13,0
SAU,SA15,2346961
SAU,SA03,0
SDS,SU37,0
SDS,SU45,0
SDS,SU44,12578048
CAF,CT03,2345091
CAF,CT05,2345093
CAF,CT08,2345096
SDS,SU35,0
SDS,SU51,0
SDS,SU40,2347592
SDS,SU59,0
SDS,SU46,0
SDN,SU29,0
SDN,SU38,0
SDN,SU39,0
SDN,SU53,2347583
SDN,SU43,0
SDN,SU41,0
SDN,SU58,0
SDN,SU55,20069895
SDN,SU50,0
SDN,SU56,0
SDN,SU52,0
SAU,SA02,2346949
SAU,SA11,2346955
SAU,SA17,2346956
SAU,SA14,2346959
KEN,KE03,2345939
KEN,KE08,2345943
KEN,KE09,2345944
SDS,SU57,2345762
KEN,KE06,2345941
NLD,NL01,2346373
NLD,NL02,2346374
NLD,NL03,2346375
NLD,NL04,0
NLD,NL05,2346377
NLD,NL15,2346380
NOR,NO18,2346401
SJM,SV00,23424953
NLD,NL16,2346384
NLD,NL10,2346382
ITA,IT12,7153341
ITA,IT19,7153348
LUX,LU01,0
LUX,LU02,0
LUX,LU03,0
ITA,IT09,7153338
NOR,NO08,2346391
NOR,NO16,2346399
NOR,NO02,2346386
NOR,NO07,2346390
NOR,NO14,2346397
NOR,NO15,2346398
NOR,NO19,2346402
NOR,NO01,2346385
NOR,NO04,2346387
NOR,NO06,2346389
NOR,NO11,2346394
NOR,NO12,0
NOR,NO17,2346400
NOR,NO20,2346403
NOR,NO13,2346396
NOR,NO10,2346393
SVN,SI10,0
SVN,SI29,0
SVN,SI31,0
SVN,SI97,0
SVN,SIA1,0
SVN,SIA6,0
LVA,LG12,0
LVA,LG13,0
LVA,LG26,0
LTU,LH58,55848085
LTU,LH63,0
SVN,SI05,0
SVN,SI08,0
SVN,,0
SVN,SI09,0
SVN,SI11,0
SVN,SI12,0
SVN,SI13,0
SVN,SI16,0
SVN,SI17,0
SVN,SI22,0
SVN,SI25,0
SVN,SI26,55848367
SVN,SI30,0
SVN,SI32,0
SVN,SI34,0
SVN,SI34,0
SVN,SI37,0
SVN,SI38,0
SVN,SI39,0
SVN,SI45,0
SVN,SI08,0
SVN,SI54,0
SVN,SI55,55848374
SVN,SI57,2347577
SVN,SII5,0
SVN,SI61,0
SVN,SI62,0
SVN,SI64,0
SVN,SI66,0
SVN,SI68,0
SVN,SI71,0
SVN,SI72,0
SVN,SI73,0
SVN,SI74,2347578
SVN,SI76,0
SVN,SI77,0
SVN,SI79,0
SVN,SI81,0
SVN,SI83,0
SVN,SI89,0
SVN,SI91,24549807
SVN,SI94,0
SVN,SI98,55848367
SVN,SI99,0
SVN,SIA2,0
SVN,SIA7,55848390
SVN,SIA8,0
SVN,SIB1,0
SVN,SIB2,0
SVN,SIB3,0
SVN,SIB4,0
SVN,SIB6,0
SVN,SIB8,0
SVN,SIC1,0
SVN,SIC2,2346183
SVN,SIC4,0
SVN,SIC5,0
SVN,SIC6,0
SVN,SIC7,0
SVN,SIC8,0
SVN,SIC9,0
SVN,SIC9,0
SVN,SID4,0
SVN,SID4,2347577
SVN,SID7,0
SVN,SIE2,0
SVN,SIE3,0
SVN,SIE5,0
SVN,SIE6,0
SVN,SIE7,55848364
SVN,SIF3,0
SVN,SI03,0
SVN,SI04,55848379
SVN,SI14,0
SVN,SI32,55848386
SVN,SI36,0
SVN,SI52,0
SVN,SI53,0
SVN,SI62,0
SVN,SIA3,55848346
SVN,SIB9,0
SVN,SID2,0
SVN,SID5,7153347
SVN,SIF1,0
SVN,SIF2,0
SVN,SI01,0
SVN,SI06,0
SVN,SI07,55848371
SVN,SI19,0
SVN,SI35,55848385
SVN,SI40,0
SVN,SI44,0
SVN,SI46,0
SVN,SI49,0
SVN,SI50,0
SVN,SIJ5,55848371
SVN,SIJ9,0
SVN,SIB7,55848375
SVN,SIE1,0
ITA,IT06,7153335
ITA,IT17,7153346
ITA,IT20,7153349
SVN,SI02,0
SVN,SI24,0
SVN,SI28,0
SVN,SI42,0
SVN,SI47,0
SVN,SI78,0
SVN,SI80,0
SVN,SI86,0
SVN,SI87,2347059
SVN,SID1,0
SVN,SID6,7153333
SVN,SIE9,0
SVK,LO02,20070505
SVK,LO01,20070495
SVK,LO08,0
SVK,SI04,20070492
SVK,SI06,20070493
SVK,SI07,0
SVK,LO03,0
SVK,LO05,0
SRB,RB02,2347100
SRB,RB02,0
SRB,RB02,0
NOR,NO05,2346388
LVA,LG03,0
LVA,LG11,0
LVA,LG15,0
LVA,LG19,0
LTU,LH56,55848082
LVA,LG21,0
LTU,LH57,55848084
LTU,LH59,55848078
LTU,LH60,55848086
LTU,LH61,0
LTU,LH62,55848087
LTU,LH64,55848081
LTU,LH65,55848083
LVA,LG02,0
LVA,LG24,0
LVA,LG01,0
LVA,LG04,0
LVA,LG05,0
LVA,LG06,0
LVA,LG07,0
LVA,LG08,0
LVA,LG09,0
LVA,LG10,0
LVA,LG14,0
LVA,LG16,0
LVA,LG17,0
LVA,LG18,0
LVA,LG20,20070121
LVA,LG22,0
LVA,LG23,0
LVA,LG25,0
LVA,LG32,20070121
NPL,NP04,0
SAU,SA16,0
SAU,SA10,0
SAU,SA06,2346954
QAT,QA01,0
QAT,QA06,20070010
QAT,QA05,20070012
QAT,QA08,20070011
QAT,QA02,20070004
QAT,QA03,0
QAT,QA04,20070006
QAT,QA07,0
QAT,QA09,20070007
PAK,PK02,2346496
PAK,PK06,2346500
PAK,PK08,0
PAK,PK07,2346501
PAK,PK01,0
PAK,PK04,2346498
PAK,PK05,0
KGZ,KG01,0
KGZ,KG02,20070195
KGZ,KG06,0
KGZ,KG03,0
KGZ,KG09,0
KGZ,KG02,0
KGZ,KG04,0
KGZ,KG08,0
PAK,PK03,2346497
NPL,NP02,0
NPL,NP03,20070026
NPL,NP06,20070018
NPL,NP08,20070026
NPL,NP09,20070030
NPL,NP14,0
NPL,NP01,0
NPL,NP05,20070029
NPL,NP11,20070029
NPL,NP13,20070023
NPL,NP07,0
NPL,NP10,20070023
IDN,ID01,2345710
MYS,MY07,2346302
MYS,MY09,2346304
MYS,MY09,2346304
MYS,MY02,2346297
MYS,MY08,2346303
MYS,MY08,2346303
MYS,MY01,2346296
MYS,MY03,2346298
MYS,MY04,2346299
MYS,MY05,2346300
MYS,MY06,2346301
MYS,MY12,2346306
MYS,MY13,0
CHN,CH15,12578005
CHN,,12577996
CHN,CH16,12578006
CHN,CH18,12578007
CHN,CH33,20070171
CHN,CH22,12578011
TWN,,20070334
TWN,TW02,0
TWN,,0
TWN,,20070335
TWN,,0
TWN,,0
TWN,,20070335
TWN,,0
TWN,,0
TWN,,0
TWN,TW03,20070333
TWN,TW03,0
TWN,,20070335
TWN,,0
TWN,,20070335
TWN,,0
TWN,,0
TWN,,0
TWN,,20070335
TWN,,0
TWN,,20070335
TWN,,0
CHN,CH07,12577997
CHN,CH01,12578022
CHN,CH30,12578019
BRN,BX01,20069849
BRN,BX02,20069846
BRN,BX03,20069847
BRN,BX04,20069848
IDN,ID14,2345723
MYS,MY15,2346310
MYS,MY11,2346305
ZAF,SF06,2346985
ZAF,SF09,2346987
MOZ,MZ08,0
BWA,BC03,2344743
MOZ,MZ10,0
KEN,KE02,2345938
MWI,MI08,0
KEN,KE01,2345937
KEN,KE05,0
KEN,KE07,2345942
MOZ,MZ01,2346311
MOZ,MZ07,2346317
MOZ,MZ06,0
ZAF,SF06,2346984
LSO,LT10,20069865
LSO,LT14,20069870
LSO,LT15,20069868
LSO,LT18,0
ZAF,SF07,2346980
MOZ,MZ02,2346312
ZAF,SF08,2346981
ZAF,SF02,2346983
ZAF,SF05,2346986
LSO,LT11,20069862
LSO,LT12,0
LSO,LT16,20069861
LSO,LT17,20069866
LSO,LT19,20069864
ZAF,SF03,2346982
MDG,MA05,2346150
MDG,MA01,0
MDG,MA02,0
MDG,MA03,0
MDG,MA04,0
MDG,MA06,0
IDN,ID30,2345715
IDN,ID07,2345716
IDN,ID03,2345712
IDN,ID33,28350158
IDN,ID04,2345713
IDN,ID11,2345720
IDN,ID15,2345724
IDN,ID32,2345734
IDN,ID35,28350154
IDN,ID02,2345711
IDN,ID08,2345717
IDN,ID12,2345721
IDN,ID18,2345727
IDN,ID38,2345729
IDN,ID41,28350155
PNG,PP19,2346599
PNG,PP11,2346591
PNG,PP12,0
PNG,PP18,2346598
PNG,PP08,2346588
PNG,PP09,2346589
PNG,PP02,2346582
PNG,PP07,2346587
PNG,PP05,2346585
PNG,PP16,2346596
PNG,PP06,2346586
PNG,PP01,2346581
PNG,PP10,2346590
PNG,PP13,2346593
PNG,PP03,2346583
PNG,PP14,0
PNG,,2346600
PNG,PP15,2346595
PNG,PP04,2346584
PNG,PP17,2346597
NCL,NC01,0
NCL,NC03,24549807
SLB,BP03,2344836
SLB,BP10,2344838
SLB,BP10,2344838
SLB,BP06,2344839
SLB,BP07,2344840
FRA,FRB9,7153329
ECU,EC02,2345203
ECU,EC08,2345209
ECU,EC12,0
ECU,EC20,2345221
ECU,EC01,0
ARG,AR20,2344694
ARG,AR23,2344697
ARG,AR18,0
ARG,AR04,2344678
ARG,AR08,0
ARG,AR15,2344689
ECU,EC03,2345215
ECU,EC04,0
ECU,EC07,2345208
ECU,EC10,2345211
ECU,EC13,2345214
ECU,EC14,2345215
COL,CO01,2345047
ECU,EC06,2345207
ECU,EC15,2345216
ECU,EC24,20070099
ECU,EC19,2345219
ECU,EC17,2345218
ECU,,2345217
ECU,EC23,2345220
BOL,BL02,2344802
BOL,BL01,2344801
BOL,BL03,2344803
BRA,BR29,0
ARG,AR01,2344681
ARG,AR11,2344685
ARG,AR16,2347651
ARG,AR19,0
ARG,AR05,0
ARG,AR02,0
ARG,AR10,2344684
ARG,AR12,0
ARG,AR17,0
ARG,AR22,0
ARG,AR24,0
ARG,AR03,2344677
ARG,AR09,0
ARG,AR06,0
ARG,AR08,0
ARG,AR21,0
BRA,BR32,0
ARG,AR14,2344688
BRA,BR30,2344860
COL,CO02,0
COL,CO36,0
COL,CO12,0
COL,CO26,2345071
COL,CO17,2345062
CUB,CU08,0
CUB,CU04,2345109
CUB,CU01,0
CUB,CU14,0
BLZ,BH01,0
BLZ,BH02,0
BLZ,BH03,0
BLZ,BH04,0
CRI,CS02,2345083
CRI,CS04,2345085
CRI,CS06,2345086
CRI,CS07,2345087
CRI,CS08,0
PAN,PM02,2346552
CRI,CS01,0
CRI,CS03,2345084
ECU,EC09,0
PAN,PM03,2346553
PAN,PM04,2346554
PAN,PM06,2346556
PAN,PM07,0
PAN,PM08,0
PAN,PM10,2346560
COL,CO17,2345070
SLV,ES01,0
SLV,ES02,2345293
SLV,ES04,2345295
SLV,ES05,0
SLV,ES06,2345297
SLV,ES13,0
SLV,ES10,0
SLV,ES07,0
SLV,ES08,2345299
SLV,ES09,0
SLV,ES12,0
SLV,ES14,0
BLZ,BH05,0
BLZ,BH06,2344799
SLV,ES03,0
SLV,ES11,0
HTI,HA00,0
HTI,HA15,0
HTI,HA03,2345614
HTI,HA12,2345621
CUB,CU05,0
CUB,CU05,0
CUB,CU10,0
CUB,CU09,2345113
CUB,CU12,0
CUB,CU13,0
CUB,CU15,0
JAM,JM01,2345912
JAM,JM02,2345913
JAM,JM04,2345914
JAM,JM11,2345919
JAM,JM12,2345920
JAM,JM15,2345923
JAM,JM16,2345924
JAM,JM17,0
JAM,JM07,2345915
JAM,JM09,2345917
JAM,JM10,2345918
JAM,JM13,2345921
JAM,JM08,2345916
JAM,JM14,2345922
HTI,HA06,2345615
HTI,HA07,2345616
HTI,HA10,2345619
HTI,HA09,2345618
HTI,HA11,2345620
HTI,HA13,2345622
DOM,DR25,0
DOM,DR26,0
DOM,DR27,0
DOM,DR23,0
DOM,DR00,28358196
DOM,DR21,0
DOM,DR24,0
COL,CO37,2345053
COL,,2345078
COL,CO34,0
COL,CO23,2346271
COL,CO24,2345069
COL,CO28,2345073
COL,CO08,2346271
COL,CO09,2345055
COL,CO16,2345061
COL,CO20,0
COL,CO22,2345067
COL,CO11,2345074
ECU,EC05,2345206
ECU,EC11,2345212
ECU,EC22,2345222
COL,CO04,2346271
COL,CO35,0
COL,CO10,2345056
COL,CO11,2346271
COL,CO18,2345063
COL,CO27,0
PAN,PM05,2346555
PAN,PM09,2346559
COL,CO03,0
COL,CO21,2345066
COL,CO32,2345077
COL,CO14,0
COL,CO15,2346271
COL,CO19,2345064
COL,CO30,2345075
COL,CO31,2345076
CUB,CU02,2345107
CUB,CU11,2345115
CUB,CU03,0
CUB,CU16,2345120
DMA,DO02,2345161
DMA,DO03,2345162
DMA,DO04,2345163
DMA,DO05,2345164
DMA,DO06,0
DMA,DO07,2345166
DMA,DO08,2345167
DMA,DO09,2345168
DMA,DO10,2345169
DMA,DO11,2345170
FRA,MB**,7153330
FRO,FO00,0
IRL,EI32,2345271
MAR,MO16,0
MAR,MO14,0
MAR,MO15,0
MAR,MO05,0
MAR,MO06,0
MAR,MO09,0
MAR,MO10,0
MAR,MO13,0
MAR,MO12,0
MAR,MO08,0
MAR,MO04,0
MAR,MO07,0
MAR,MO11,0
LBR,LI22,0
LBR,LI21,0
CAF,CT10,2345105
COD,CG02,0
CMR,CM12,2345040
TCD,CD03,2344947
TCD,CD04,56013481
TCD,CD06,2344950
TCD,CD07,2344951
GNQ,EK03,0
GNQ,EK06,20069850
GNQ,EK07,2345457
GNQ,EK08,20069853
GNQ,EK09,20069852
TCD,CD01,2344945
TCD,CD02,0
TCD,CD05,2344949
TCD,CD12,0
CMR,CM05,2345034
CMR,CM07,2345035
GNQ,EK05,20069855
GNQ,EK04,20069856
CMR,CM11,2345039
CMR,CM04,2345033
CMR,CM10,2345038
CMR,CM13,2345041
TCD,CD08,2344952
TCD,CD09,2344953
TCD,CD10,56013483
TCD,CD14,0
TCD,CD11,56013482
TCD,CD13,2344957
HRV,HR03,12577973
HRV,HR13,0
HRV,HR15,12577985
HRV,HR19,12577989
ALB,AL42,29389556
ALB,AL44,29389558
MNE,AL49,29389244
MNE,AL49,0
ALB,AL49,29389563
MNE,MJ00,29389243
MNE,MJ00,0
MNE,AL47,2344865
ALB,AL47,0
MNE,AL49,0
ALB,AL51,29389565
SRB,BK00,0
MNE,HR03,0
MNE,HR03,29389240
MNE,MJ00,29389233
MNE,MJ00,0
MNE,MJ00,0
MNE,MJ00,29389236
MNE,MJ00,0
MNE,MJ00,0
MNE,MJ00,0
MNE,MJ00,0
MNE,MJ00,0
MNE,MJ00,0
MNE,MJ00,0
MNE,MJ00,0
MNE,MJ00,0
ALB,AL46,0
KO-,MK20,0
ALB,AL40,29389554
ALB,AL43,29389557
ALB,AL45,0
ALB,AL41,2344915
KO-,MKA6,0
ALB,AL48,0
ALB,AL50,29389556
EGY,EG05,2345227
EGY,EG07,0
EGY,EG09,2345231
EGY,EG11,0
EGY,EG12,0
EGY,EG14,0
EGY,EG15,0
EGY,EG01,2345223
EGY,EG19,0
EGY,EG20,0
EGY,EG22,0
EGY,EG03,2345225
EGY,EG04,0
EGY,EG06,0
EGY,EG08,0
EGY,EG10,0
EGY,EG18,0
EGY,EG21,0
EGY,EG16,0
EGY,EG17,0
EGY,EG13,0
EGY,EG02,0
EGY,EG24,0
ARM,AM01,20070209
ARM,AM03,20070210
ARM,AM07,20070203
EGY,EG02,2345224
EGY,EG26,2345247
EGY,EG32,2345248
COD,CG09,2344985
ERI,ER04,24549681
ERI,ER05,24549684
ERI,ER06,24549683
ERI,ER01,0
ERI,ER02,24549682
ERI,DJ04,2345312
DJI,DJ01,0
DJI,DJ07,0
DJI,,0
DJI,DJ06,0
DJI,DJ04,0
DJI,DJ05,0
DEU,GM07,2345487
DEU,GM01,2345481
DEU,GM05,2345485
DEU,GM03,2345483
DEU,GM06,2345486
DEU,GM15,2345495
DEU,GM04,2345484
DEU,GM10,2345490
DEU,GM08,2345488
DEU,GM09,2345489
HRV,SI92,12577977
HRV,HR05,12577975
HRV,HR08,12577978
HRV,HR12,12577982
HRV,HR12,12577982
HRV,HR14,12577984
HRV,HR20,12577990
HRV,HR21,20070170
CZE,EZ09,20070500
DEU,GM02,2345482
HRV,HR04,12577974
CZE,EZ01,0
CZE,EZ02,0
CZE,EZ11,0
CZE,EZ05,0
CZE,EZ03,20070498
CZE,EZ07,20070466
DEU,GM16,0
DEU,GM14,2345494
DEU,GM13,2345493
HRV,HR02,12577972
HRV,HR10,12577980
HRV,HR11,12577972
HRV,HR18,12577988
HRV,HR17,12577987
HRV,HR01,12577989
HRV,HR06,0
HRV,HR09,12577979
HRV,HR16,0
HRV,HR20,20070170
CZE,PL04,20070471
MDA,MD63,55948180
MDA,MD70,55948186
MDA,MD73,20069871
MDA,MD81,55948195
MDA,MD84,55948197
MDA,MD60,20069873
MDA,MD71,55948187
MDA,MD74,55948188
MDA,MD76,55948190
MDA,MD85,0
MDA,MD92,20069874
MDA,MD51,20069882
MDA,MD51,55948203
MDA,MD51,20069881
MDA,MD57,20069878
MDA,MD58,20069876
MDA,MD59,55948205
MDA,MD61,55948179
MDA,MD65,55948182
MDA,MD66,55948181
MDA,MD68,55948184
MDA,MD69,55948185
MDA,MD75,55948189
MDA,MD78,0
MDA,MD58,0
MDA,MD72,20069876
MDA,MD77,55948191
MDA,MD78,55948192
MDA,MD79,55948193
MDA,MD80,55948194
MDA,MD82,20069875
MDA,MD83,55948196
MDA,MD83,55948196
MDA,MD86,55948199
MDA,MD87,55948202
MDA,MD91,55948204
MDA,MD67,55948183
MDA,MD62,0
MDA,MD88,55948200
MDA,MD86,0
MDA,MD87,20069872
EST,EN01,2345276
EST,EN03,2345278
EST,EN04,2345279
EST,EN05,2345280
EST,EN08,2345282
EST,EN18,0
EST,EN02,2345277
EST,EN07,2345281
CHN,CH14,12578004
KWT,KU02,20070169
KWT,KU06,0
KWT,KU04,20070166
KWT,,55943079
KWT,KU05,20070165
AZE,AJ40,20070267
AZE,AJ40,20070267
ARM,AJ40,20070202
ARM,AM02,20070211
ARM,AM04,20070204
ARM,AM05,20070208
ARM,AM06,0
ARM,AM11,0
AZE,AJ05,0
AZE,AJ16,0
AZE,AJ19,0
AZE,AJ20,2347592
AZE,AJ20,0
AZE,AJ21,0
AZE,AJ26,0
AZE,AJ33,0
AZE,AJ40,20070267
AZE,AJ51,0
AZE,AJ52,20070269
AZE,AJ58,0
AZE,AJ67,20070252
AZE,AJ01,0
AZE,AJ01,20070283
AZE,AJ03,0
AZE,AJ04,0
AZE,AJ06,0
AZE,AJ07,0
AZE,AJ08,0
AZE,AJ11,0
AZE,AJ12,0
AZE,AJ13,0
AZE,AJ14,0
AZE,AJ15,0
AZE,AJ17,0
AZE,AJ18,0
AZE,AJ22,0
AZE,AJ24,0
AZE,AJ25,0
AZE,AJ27,0
AZE,AJ29,0
AZE,AJ29,0
AZE,AJ31,0
AZE,AJ36,0
AZE,AJ41,20070272
AZE,AJ42,0
AZE,AJ45,0
AZE,AJ46,0
AZE,AJ49,0
AZE,AJ50,0
AZE,AJ54,0
AZE,AJ59,0
AZE,AJ63,0
AZE,AJ66,0
AZE,AJ71,0
AZE,AJ01,0
AZE,AJ10,0
AZE,AJ37,0
AZE,AJ37,0
AZE,AJ39,0
AZE,AJ39,0
AZE,AJ42,0
AZE,AJ44,0
AZE,AJ60,0
AZE,AJ70,0
ARM,AM08,20070206
ARM,AM10,20070205
AZE,AJ14,2347593
AZE,AJ29,0
AZE,AJ43,0
AZE,AJ55,20070265
AZE,AJ57,0
AZE,AJ61,20070277
AZE,AJ69,0
AFG,AF02,2344550
AFG,AF11,2344558
AFG,AF05,2344552
AFG,AF30,0
AFG,AF07,2344554
AFG,AF31,2344576
AFG,AF09,2344556
AFG,AF33,2344578
AFG,AF06,2344553
AFG,AF10,2344557
AFG,AF19,2344565
AFG,AF39,2344566
AFG,AF41,2344566
AFG,AF23,2344569
AFG,AF28,2344573
CHN,CH13,12578003
AFG,AF08,0
AFG,AF37,0
AFG,AF29,2344574
AFG,AF01,2344549
AFG,AF38,24549937
AFG,AF34,2344561
AFG,AF24,0
AFG,AF18,2344564
AFG,AF26,2344571
AFG,AF03,2344551
AFG,AF13,2344559
AFG,AF14,2344560
AFG,AF42,2344568
AFG,AF35,2344562
AFG,AF17,2344563
AFG,AF40,2344568
AFG,AF32,2344577
AFG,AF27,2344572
CHN,CH31,12578020
VNM,VM30,0
KHM,CB25,20070093
KHM,CB29,0
KHM,CB08,0
KHM,CB12,2344937
KHM,CB24,2344941
KHM,CB27,20070095
KHM,CB30,20070097
KHM,CB02,0
KHM,CB03,0
KHM,CB07,0
KHM,CB04,0
KHM,CB05,0
KHM,CB22,0
KHM,CB14,0
KHM,CB13,0
KHM,CB17,0
KHM,CB09,2344935
KHM,CB10,0
KHM,CB23,2344940
IDN,ID40,55949082
KHM,CB21,0
KHM,CB26,0
KHM,CB28,20070096
KHM,CB28,20070096
KHM,CB18,0
KHM,CB19,0
CHN,CH21,0
CHN,CH26,12578015
CHN,CH24,12578013
BGD,BG81,0
CHN,CH12,12578002
CHN,CH11,12578001
CHN,CH32,12578016
CHN,CH29,12578018
CHN,CH10,12578000
CHN,CH09,12577999
CHN,CH19,12578008
CHN,CH25,12578014
CHN,CH22,12578017
CHN,CH28,12578017
CHN,CH03,12577993
CHN,CH04,12577994
CHN,CH23,12578012
CHN,CH02,12577992
JPN,JA11,2345861
JPN,JA31,2345880
JPN,JA36,2345856
JPN,JA36,2345885
JPN,JA41,2345890
JPN,JA45,2345894
JPN,JA33,2345882
CHN,CH05,12577995
JPN,JA07,58646425
JPN,JA21,2345870
JPN,JA25,2345874
JPN,JA05,2345855
JPN,JA17,2345866
JPN,JA20,2345869
JPN,JA30,2345879
JPN,JA39,2345888
IDN,ID34,0
CHN,CH20,12578009
CHN,CH08,12577998
JPN,JA01,2345851
JPN,JA09,2345859
JPN,JA15,2345864
JPN,JA23,2345872
JPN,JA26,2345875
JPN,JA37,2345886
JPN,JA42,2345891
JPN,JA12,7153351
JPN,JA06,2345856
JPN,JA13,2345862
JPN,JA22,2345871
JPN,JA28,2345877
JPN,JA32,2345881
JPN,JA35,2345884
JPN,JA43,2345892
JPN,JA04,2345854
JPN,JA14,2345863
JPN,JA19,2345868
JPN,JA34,2345883
JPN,JA38,2345887
JPN,JA40,2345889
JPN,JA46,2345895
JPN,JA02,2345852
JPN,JA03,2345853
JPN,JA08,2345858
JPN,JA16,2345865
JPN,JA24,2345873
JPN,JA29,2345878
JPN,JA44,2345893
COD,CG01,0
COD,CG03,0
MWI,MI04,0
AGO,AO17,2344671
AGO,AO18,2344672
AGO,AO12,0
AGO,AO19,2344673
AGO,AO05,2344660
AGO,AO06,2344661
AGO,AO10,0
AGO,AO15,0
AGO,AO16,2344670
COD,CG08,2344984
COD,CG06,0
AGO,AO03,0
AGO,AO02,0
AGO,AO01,0
AGO,AO04,2344659
AGO,AO07,2344662
AGO,AO08,0
AGO,AO09,2347046
AGO,AO14,2344668
AGO,AO13,0
COD,CG12,20069829
COD,,20069831
COD,CG04,2344985
COD,CG05,0
COD,CG11,20069830
MWI,MI09,0
MWI,MI15,0
MWI,MI17,0
MWI,MI18,0
MWI,MI21,0
MWI,MI28,0
MOZ,MZ05,2346315
MOZ,MZ09,2346319
MWI,MI06,0
MWI,MI07,0
MWI,MI11,0
MWI,MI12,0
MWI,MI13,0
MWI,MI16,0
MWI,MI20,0
MWI,MI22,0
MWI,MI26,0
MWI,MI02,0
MWI,MI03,0
MWI,MI05,0
MWI,MI19,0
MWI,MI23,0
MWI,MI24,0
MWI,MI25,0
MWI,MI29,0
MWI,MI30,0
MOZ,MZ03,0
ZAF,SF01,2346979
MOZ,MZ04,0
CCK,CK00,0
CCK,CK00,0
IDN,ID05,2345714
IDN,ID13,2345722
AUS,,0
IDN,ID39,0
SLB,BP09,20069919
BOL,BL04,2344804
BOL,BL05,2344805
BOL,BL06,2344806
BOL,BL07,2344807
BOL,BL08,2344808
BOL,BL09,2344809
GTM,GT02,2345553
GTM,GT08,0
GTM,GT12,0
GTM,GT13,0
GTM,GT15,0
GTM,GT17,0
GTM,GT01,2345552
GTM,GT03,0
GTM,GT06,0
GTM,GT07,0
GTM,GT20,0
GTM,GT16,0
GTM,GT19,0
GTM,GT21,0
GTM,GT05,2345556
GTM,GT18,2345569
PAN,PM01,0
GTM,GT09,2345560
GTM,GT04,0
GTM,GT10,0
GTM,GT11,0
GTM,GT22,0
DOM,DR15,0
DOM,DR18,0
DOM,DR04,0
DOM,DR08,2345178
DOM,,0
DOM,DR02,2345173
DOM,DR03,0
DOM,DR,2345179
DOM,DR11,2347577
DOM,DR16,0
DOM,DR01,0
DOM,DR30,0
DOM,DR31,0
DOM,DR35,0
DOM,DR00,0
DOM,DR06,2345177
DOM,DR29,0
DOM,DR32,0
DOM,DR14,0
DOM,DR20,0
DOM,DR33,0
DOM,DR34,2345176
DOM,DR28,2345196
DOM,DR10,2345180
DOM,DR12,0
BRB,BB01,2344730
BRB,BB02,2344731
BRB,BB03,2344732
BRB,BB04,2344733
BRB,BB05,2344734
BRB,BB06,2344735
BRB,BB07,2344736
BRB,BB08,2344737
BRB,BB09,2344738
BRB,BB10,2344739
BRB,BB11,2344740
FRA,FG01,0
GBR,UK87,0
GBR,UK87,0
GBR,UK87,0
GBR,UK87,0
GBR,UK87,0
GBR,UK87,0
GBR,UK87,0
GBR,UK87,0
GBR,UK87,0
GBR,UK87,0
GBR,UK87,0
GBR,UK82,0
GBR,UK82,0
GBR,UK82,0
GBR,UK79,0
GBR,UK79,0
GBR,UK88,0
GBR,UK88,0
GBR,UK84,0
GBR,UK84,0
GBR,UK84,12578048
GBR,UK84,0
GBR,UK84,0
GBR,UK84,0
GBR,UK84,0
GBR,UK78,0
GBR,UK41,24554868
GBR,UK13,0
GBR,UK13,0
GBR,UK07,0
GBR,UK07,0
GBR,UK07,0
GBR,UK07,0
GBR,UK32,24554868
GBR,UK19,24554868
GBR,UK19,0
GBR,UK43,24554868
GBR,UK31,0
GBR,UK16,24554868
GBR,UK04,24554868
GBR,UK02,24554868
GBR,UK21,24554868
GBR,UK01,0
GBR,UK01,0
GBR,UK01,0
GBR,UK01,0
GBR,UK36,24554868
GBR,UK11,24554868
GBR,UK03,24554868
GBR,UK12,0
GBR,UK12,24554868
GBR,UK12,0
GBR,UK05,24554868
GBR,UK26,24554868
GBR,UK22,0
GBR,UK22,0
GBR,UK22,0
GBR,UK10,0
GBR,UK10,24554868
GBR,UK17,0
GBR,UK17,0
GBR,UK17,0
GBR,UK17,0
GBR,UK17,0
GBR,UK17,0
GBR,UK17,0
GBR,UK17,0
GBR,UK17,0
GBR,UK17,0
GBR,UK17,0
GBR,UK17,0
GBR,UK17,0
GBR,UK17,0
GBR,UK17,0
GBR,UK17,0
GBR,UK17,0
GBR,UK17,0
GBR,UK17,0
GBR,UK17,0
GBR,UK17,0
GBR,UK32,24554868
GBR,UK58,0
GBR,UK70,0
GBR,UK76,0
GBR,UK54,0
GBR,UK73,0
GBR,UK57,0
GBR,UK63,0
GBR,UK65,0
GBR,UK69,0
GBR,UK62,0
GBR,UK52,0
GBR,UK71,0
GBR,UK55,0
GBR,UK67,0
GBR,UK59,0
GBR,UK74,0
GBR,UK75,0
GBR,UK64,20070563
GBR,UK61,0
GBR,UK56,0
GBR,UK68,0
GBR,UK60,0
GBR,UK91,12578049
GBR,UK91,12578049
GBR,UK91,12578049
GBR,UK28,24554868
GBR,UK28,0
GBR,UK06,24554868
GBR,UK08,24554868
GBR,UK95,12578049
GBR,UK94,0
GBR,UK94,0
GBR,UK94,0
GBR,UK94,0
GBR,UK96,0
GBR,UK96,12578049
GBR,UK97,12578049
GBR,UK97,0
GBR,UK30,0
GBR,UK35,0
GBR,UK25,0
GBR,UK25,24554868
GBR,UK22,24554868
GBR,UK90,12578049
GBR,UK90,12578049
GBR,UK90,0
GBR,UK93,12578049
GBR,UK93,0
GBR,UK93,12578049
GBR,UK92,12578049
GBR,UK92,12578049
GBR,UK92,0
GBR,UK92,12578049
GBR,UK77,0
GBR,UK66,20070563
GBR,UK53,0
GBR,UK80,12578048
GBR,UK09,24554868
GBR,UK30,24554868
GBR,UK08,0
GBR,UK11,0
DZA,AG34,0
DZA,AG36,0
DZA,AG09,0
DZA,AG30,0
DZA,AG15,0
DZA,AG38,0
DZA,AG49,0
DZA,AG54,0
GMB,GA03,2345445
GMB,GA04,2345446
GMB,GA05,0
GMB,GA02,2345444
GHA,GH06,2345467
GHA,GH10,2345470
GHA,GH11,2345471
GHA,GH02,2345463
GHA,GH03,2345464
GHA,GH04,2345465
GHA,GH05,2345466
GHA,GH09,2345469
DZA,AG37,0
DZA,AG44,0
DZA,AG24,0
DZA,AG31,0
RUS,RS75,0
GAB,GB01,2345449
BEN,BN10,2344826
BEN,BN07,55967672
BEN,BN11,55967670
GHA,GH01,2345462
GHA,GH08,2345468
BEN,BN09,2344825
BEN,BN14,55967673
BEN,BN12,55967668
BEN,BN16,2344828
BEN,BN18,2344829
BEN,BN17,55967669
BEN,BN15,2344827
BEN,BN08,2344824
BEN,BN13,55967671
BFA,UV22,55967354
BFA,UV22,2347617
COG,CF10,55998384
GAB,GB06,2345454
GAB,GB09,2345457
DZA,AG46,0
DZA,AG53,2344623
DZA,AG42,0
DZA,,0
DZA,AG45,0
DZA,AG25,0
DZA,AG50,0
DZA,AG01,0
DZA,AG40,0
DZA,AG14,0
DZA,AG55,0
DZA,AG35,0
DZA,AG41,0
DZA,AG26,0
DZA,AG07,0
DZA,AG51,0
DZA,AG10,0
DZA,AG13,0
DZA,AG56,0
DZA,AG39,0
DZA,AG18,0
DZA,AG20,0
DZA,AG21,0
DZA,AG19,0
DZA,AG22,0
DZA,AG06,0
DZA,AG32,0
DZA,AG12,0
DZA,AG03,0
DZA,AG48,0
DZA,AG23,0
DZA,AG47,0
DZA,AG48,0
DZA,AG29,0
DZA,AG52,0
DZA,AG33,0
BIH,BK01,24549661
BIH,HR19,24549661
BIH,BK01,24549661
BIH,HR03,24549661
BIH,HR03,24549661
TUR,TU09,2347266
TUR,TU35,2347290
BGR,BU39,0
BGR,BU43,0
BGR,BU43,0
BGR,BU51,0
BGR,BU51,0
BGR,BU51,0
BGR,GR01,0
TUR,TU10,2347267
TUR,TU17,2347274
TUR,TU22,2347279
TUR,TU39,2347294
TUR,TU59,2347310
BGR,BU42,20070061
BGR,BU42,20070061
BGR,BU58,0
BGR,BU46,0
BGR,BU46,0
BGR,BU46,0
BGR,BU46,0
BGR,BU47,0
BGR,BU47,0
BGR,BU58,0
BGR,BU47,0
BGR,BU39,0
BGR,BU39,0
BGR,BU52,0
BGR,BU52,0
BGR,BU61,0
BGR,BU61,0
BGR,BU61,0
BGR,RO41,0
BGR,BU52,0
TUR,TU11,2347268
TUR,TU16,2347273
TUR,TU34,2347289
TUR,TU41,2347296
TUR,TU54,2347306
TUR,TU14,2347271
TUR,TU26,2347283
TUR,TU37,2347292
TUR,TU07,2347264
TUR,TU03,2347260
TUR,TU15,2347272
TUR,TU20,2347277
TUR,TU33,2347288
TUR,TU43,2347297
TUR,TU45,2347299
TUR,TU48,2347301
RUS,RS01,0
RUS,RS32,0
TUR,TU02,2347259
TUR,TU23,2347280
TUR,TU46,2347300
TUR,TU44,2347298
TUR,TU32,2347287
TUR,TU40,2347295
TUR,TU38,2347293
TUR,TU50,2347303
TUR,TU31,2347286
TUR,TU05,2347262
TUR,TU19,2347276
TUR,TU28,2347285
TUR,TU52,2347304
TUR,TU57,2347308
TUR,TU58,2347309
TUR,TU55,2347307
TUR,TU60,2347311
TUR,TU08,2347265
TUR,TU25,2347282
TUR,TU24,2347281
TUR,TU53,2347305
TUR,TU61,2347312
RUS,RS19,0
RUS,RS22,0
RUS,RS68,0
RUS,RS70,2346887
TUR,TU04,2347261
TUR,TU12,2347269
TUR,TU21,2347278
TUR,TU49,2347302
TUR,TU13,2347270
SOM,SO01,2347006
SOM,SO04,2347009
SOM,SO06,2347011
SOM,SO08,2347013
SOM,SO02,2347019
GBR,UK15,24554868
GBR,UK39,24554868
GBR,UK29,24554868
AUT,AU08,2344715
RUS,RS15,0
AUT,AU01,2344708
AUT,AU06,2344713
RUS,RS23,0
AUT,AU02,2344709
AUT,AU04,2344711
AUT,AU05,0
AUT,AU07,0
AUT,AU07,2344714
AUT,AU03,2344710
AUT,AU09,2344710
RUS,SV00,0
RUS,RS28,0
RUS,RS52,0
RUS,RS60,2346920
RUS,RS42,0
RUS,RS52,0
BLR,BO01,0
BLR,BO02,0
BLR,BO04,0
BLR,BO07,0
RUS,RS10,0
RUS,RS69,2346925
BLR,BO03,0
BLR,BO06,0
EST,EN11,0
EST,EN12,0
EST,EN13,0
EST,EN19,0
EST,EN20,0
EST,EN21,0
EST,EN14,2345286
RUS,RS28,0
RUS,RS06,20070508
RUS,RS21,0
RUS,RS37,2346903
RUS,RS51,0
RUS,RS77,0
RUS,RS85,0
RUS,RS88,2346936
RUS,RS25,0
RUS,RS41,0
RUS,RS43,0
RUS,,0
RUS,RS47,0
RUS,RS56,0
RUS,RS61,0
RUS,RS76,0
RUS,RS84,0
RUS,RS09,0
RUS,RS38,0
RUS,RS46,0
RUS,RS57,0
RUS,RS62,2346922
RUS,RS72,2346927
RUS,RS83,0
RUS,RS86,0
RUS,RS08,2346866
RUS,RS13,0
RUS,RS40,0
RUS,RS50,0
RUS,RS87,0
RUS,RS34,2346874
RUS,RS33,0
RUS,RS45,2346875
RUS,RS71,0
RUS,RS80,0
RUS,RS07,2346890
RUS,RS16,0
RUS,RS24,0
RUS,RS55,0
RUS,RS65,2346906
RUS,RS67,0
RUS,RS73,2346878
RUS,RS81,0
RUS,RS32,0
RUS,RS54,0
RUS,RS78,20070528
RUS,RS04,20070530
RUS,RS03,20070530
RUS,RS29,0
RUS,RS31,0
RUS,RS53,0
OMN,MU02,0
OMN,MU02,2346257
OMN,MU01,2346256
SOM,SO02,2347007
SOM,SO05,2347010
SOM,SO07,2347012
SOM,SO13,2347018
OMN,MU02,2346258
SOM,SO10,2347015
SOM,SO18,2347016
OMN,AE02,0
AZE,AM02,0
RUS,RS12,2346868
RUS,RS17,2346870
AZE,AM08,0
AZE,AM10,0
AZE,AJ35,0
AZE,AJ35,0
AZE,AJ35,0
AZE,AJ35,0
OMN,AE04,0
OMN,MU07,4693371
OMN,MU02,2346260
IND,IN05,0
IND,IN07,20070458
IND,IN11,2345745
IND,IN10,2345744
IND,IN12,2345746
BGD,BG82,0
BTN,BT06,2344873
BTN,BT08,2344875
BTN,BT10,2344877
BTN,BT13,2344880
BTN,BT15,55967862
BTN,BT16,2344883
BTN,BT20,2344887
BTN,BT00,2344882
IND,IN02,2345740
IND,IN13,2345747
IND,IN14,2345748
IND,IN21,2345755
IND,IN06,20070457
IND,IN19,2345753
IND,IN16,2345750
LKA,CE29,0
LKA,CE29,0
LKA,CE29,0
LKA,CE31,0
LKA,CE31,0
LKA,CE31,0
LKA,CE31,0
LKA,CE30,0
LKA,CE30,0
LKA,CE31,0
LKA,CE31,0
LKA,CE31,0
LKA,CE31,0
LKA,CE32,0
LKA,CE32,0
LKA,CE33,0
LKA,CE34,0
LKA,CE34,0
LKA,CE34,0
LKA,CE35,0
LKA,CE35,0
LKA,CE33,0
LKA,CE36,0
LKA,CE36,0
LKA,CE36,0
MMR,BM06,0
IND,IN01,2345739
BGD,BG85,0
BGD,BG80,0
IND,IN03,2345741
IND,IN17,2345751
IND,IN20,2345754
BTN,BT05,2344872
BTN,BT07,2344874
BTN,BT09,2344876
BTN,BT11,2344878
BTN,BT00,55967863
BTN,BT18,2344885
BTN,BT21,2344888
BTN,BT22,2344889
BGD,BG86,0
IND,IN18,2345752
BTN,BT12,2344879
BTN,BT14,2344881
BTN,BT17,2344884
BTN,BT19,2344886
KOR,KS05,2345965
KOR,KS12,0
KOR,KS06,2345966
KOR,KS11,0
KOR,KS13,2345969
KOR,KS03,2345964
KOR,KS16,0
KOR,KS20,0
KOR,KS17,2345973
KOR,KS19,2345975
KOR,KS06,0
KOR,KS20,2345967
KOR,KS18,2345974
KOR,KS10,0
KOR,KS10,0
KOR,KS15,2345971
KOR,KS01,2345963
PHL,RP72,23424729
PHL,RP,0
PHL,RP11,23424721
PHL,RP21,0
PHL,RP30,23424725
PHL,RP46,23424721
PHL,RP69,0
PHL,RPH3,23424725
PHL,RP22,23424729
PHL,RP65,23424731
PHL,RP65,23424731
PHL,RP66,23424731
PHL,RP42,23424730
PHL,RP60,23424729
PHL,RP04,23424725
PHL,RP06,23424725
PHL,RP06,23424725
PHL,RP18,23424725
PHL,RP30,0
PHL,RP30,23424725
PHL,RP49,23424719
PHL,RP49,23424719
PHL,RP49,23424719
PHL,RP49,23424725
PHL,RP54,0
PHL,RP05,23424720
PHL,RP15,23424720
PHL,RP16,23424720
PHL,RP19,23424720
PHL,RP39,0
PHL,RP58,0
PHL,RP01,23424716
PHL,RP07,23424715
PHL,RP14,23424715
PHL,RP14,23424715
PHL,RP32,23424716
PHL,RP28,23424724
PHL,RP29,23424724
PHL,RPG8,23424722
PHL,RP31,23424715
PHL,RP32,23424716
PHL,RP44,23424716
PHL,RP48,23424715
PHL,RP68,23424715
PHL,RP07,23424722
PHL,RP63,0
PHL,RP47,23424722
PHL,RP50,23424722
PHL,RP10,23424716
PHL,RP64,23424722
PHL,RP36,23424724
PHL,RP51,23424724
PHL,RP07,23424717
PHL,RP09,0
PHL,RP13,0
PHL,RP33,23424717
PHL,RP53,23424717
PHL,RPD9,23424718
PHL,RP38,23424719
PHL,RP40,23424719
PHL,RP41,23424719
PHL,RPH2,0
PHL,RP34,23424730
PHL,RP35,23424729
PHL,RP56,23424729
PHL,RP56,23424729
PHL,RP56,23424729
PHL,RP57,23424728
PHL,RP57,23424728
PHL,RP71,23424728
PHL,RP37,0
PHL,RP23,23424723
PHL,RP37,23424723
PHL,RP55,23424723
PHL,RP59,23424723
PHL,RP67,23424723
PHL,RP02,23424726
PHL,RP03,23424726
PHL,RP12,23424730
PHL,RP17,23424730
PHL,RP24,23424727
PHL,RP24,23424727
PHL,RP61,23424726
PHL,RP62,23424726
PHL,RP43,23424730
PHL,RP25,23424727
PHL,RP26,23424727
PHL,RP25,23424728
PHL,RP70,23424728
PHL,RP70,23424728
RUS,RS18,0
RUS,RS20,2346896
RUS,RS39,0
RUS,RS74,0
RUS,RS79,0
RUS,RS11,0
RUS,RS82,0
RUS,RS02,0
RUS,RS05,0
RUS,RS14,0
RUS,RS59,0
RUS,RS63,0
RUS,RS89,0
RUS,RS30,0
RUS,RS44,0
RUS,RS64,2346937
FJI,FJ01,2345335
FJI,FJ02,2345336
FJI,FJ03,2345337
FJI,FJ05,2345338
GAB,GB03,2345451
GAB,GB04,2345452
GAB,GB05,2345453
GAB,GB08,2345456
BWA,BC04,2344744
COG,CF01,2344967
GAB,GB02,2345450
GAB,GB07,2345455
BWA,BC08,55949048
BWA,BC01,2344741
UGA,UG36,0
BDI,BY11,2344904
BDI,BY14,0
BDI,BY20,2344913
BDI,BY21,2344914
BDI,BY09,2344902
BDI,BY10,2344903
BDI,BY12,0
BDI,BY13,2344906
BDI,BY15,2344908
BDI,BY17,2344910
BDI,BY19,2344912
BDI,BY16,2344909
BDI,BY18,2344911
SOM,SO09,2347014
BWA,BC05,2344745
BWA,BC06,2344746
BWA,BC09,2344749
BWA,BC10,2344750
AUS,AS03,2344701
AUS,AS08,2344706
CXR,,2347568
AUS,AS01,2344699
AUS,AS02,2344700
AUS,AS05,2344703
AUS,AS07,2344705
AUS,AS04,2344702
FJI,FJ04,20069921
NFK,AS02,0
AUS,AS06,2344704
FRA,FR99,7153311
FRA,FRA2,7153313
FRA,FRB7,7153327
FRA,FRA5,7153325
FRA,FR97,7153309
FRA,FR14,7153316
FRA,FRB8,7153328
FRA,FRA9,7153320
FRA,FRB3,7153323
FRA,FR98,7153310
FRA,FRA1,7153312
FRA,FRA3,7153314
FRA,FRA7,7153318
GBR,UK44,0
GBR,UK15,0
GBR,UK15,0
GBR,UK14,24554868
GBR,UK24,0
GBR,UK24,0
FRA,FRA8,7153319
FRA,FRB1,7153321
FRA,FRA4,7153315
FRA,FRB4,7153324
FRA,FRB6,7153326
FRA,FRA6,7153317
FRA,FR96,7153330
FRA,FRB2,7153322
MLI,ML08,2346187
MLI,ML10,55999799
MLI,ML09,2346181
CHL,CI02,2345019
CHL,CI10,2345027
CHL,CI13,0
CHL,,56043702
CHL,CI03,0
CHL,CI05,2345022
CHL,CI07,2345024
CHL,CI12,2345029
CHL,CI01,2345018
CHL,CI04,2347577
CHL,CI09,0
CHL,CI06,0
CHL,CI08,2345025
CHL,CI09,2345026
CHL,CI06,2345028
MEX,MX02,2346265
MEX,MX03,2346266
MEX,MX07,2346270
MEX,MX06,0
MEX,MX10,0
MEX,MX25,0
MEX,MX26,2346289
MEX,MX32,0
MEX,MX19,0
MEX,MX24,2346287
MEX,MX28,2346291
MEX,MX01,0
MEX,MX08,0
MEX,MX14,2346277
MEX,MX16,2346279
MEX,MX18,2346281
MEX,MX04,0
MEX,MX20,2346283
MEX,MX21,0
MEX,MX32,2346290
MEX,MX29,0
MEX,MX09,2346272
MEX,MX11,0
MEX,MX12,2346275
MEX,MX13,2346276
MEX,MX15,0
MEX,MX17,2346280
MEX,MX22,2346285
MEX,MX30,2346293
MEX,MX05,2346268
MEX,MX23,2346286
MEX,MX31,0
GRL,,0
GRL,,20069858
GRL,,0
GRL,,0
GRL,,0
GRL,,0
GBR,UK83,0
GBR,UK83,12578048
GBR,UK83,0
GBR,UK83,12578048
GBR,UK44,24554868
GBR,UK31,24554868
GBR,UK42,24554868
GBR,UK34,24554868
GBR,UK02,0
GBR,UK40,0
GBR,UK40,0
GBR,UK40,24554868
GBR,UK46,0
GBR,UK46,24554868
GBR,UK23,24554868
GBR,UK23,0
GBR,UK05,0
GBR,UK26,0
GBR,UK26,0
GBR,UK33,0
GBR,UK33,24554868
GBR,UK17,0
GBR,UK17,0
GBR,UK17,0
GBR,UK17,0
GBR,UK17,0
GBR,UK17,0
GBR,UK17,0
GBR,UK89,12578048
GBR,UK72,0
GBR,UK06,0
GBR,UK20,24554868
GBR,UK20,24554868
GBR,UK38,24554868
GBR,UK38,0
GBR,UK35,24554868
GBR,UK45,24554868
GBR,UK18,0
GBR,UK37,24554868
MRT,MR11,2346251
MRT,MR05,2346245
MRT,MR08,2346248
MRT,MR12,2346252
MRT,MR06,0
MRT,MR06,2346246
MRT,MR03,2346243
MRT,MR10,2346250
MRT,MR04,2346244
MLI,ML07,2346180
MLI,ML03,2346182
MLI,ML06,2346185
MRT,MR07,2346247
MRT,MR01,2346241
MRT,MR02,2346242
MRT,MR09,2346249
BFA,UV51,2347618
BFA,UV54,2347620
BFA,UV58,55967360
BFA,UV58,2347622
BFA,UV63,55967358
BFA,UV63,2347624
BFA,UV33,2347628
BFA,UV40,2347635
BFA,UV73,55967361
BFA,UV73,2347636
MLI,ML22,2346183
MLI,ML05,2346184
BFA,UV15,2347610
BFA,UV19,2347614
BFA,UV53,55967365
BFA,UV47,2347611
BFA,UV53,2347619
BFA,UV68,2347627
BFA,UV34,2347629
BFA,UV34,55967363
BFA,UV36,2347631
BFA,UV72,2347634
BFA,UV72,55967356
BFA,UV15,55967362
BFA,UV76,2347638
BFA,UV64,2347625
BFA,UV70,2347632
BFA,UV49,2347613
BFA,UV49,55967355
BFA,UV50,2347615
BFA,UV28,2347623
BFA,UV65,2347626
BFA,UV44,2347639
BFA,UV48,2347612
BFA,UV48,55967357
BFA,UV51,55967366
BFA,UV54,55967359
BFA,UV55,2347621
BFA,UV69,2347630
COG,CF06,2344971
NGA,NI27,2346355
NGA,CD07,0
NGA,NI45,2346362
NGA,NI21,2346349
NGA,NI28,2346356
NGA,NI50,2346344
NGA,NI52,20070152
NGA,NI26,2346354
NGA,NI22,2346350
NGA,NI43,2346371
NGA,NI30,2346358
NGA,NI05,2346342
NGA,NI31,2346359
NGA,NI16,2346346
NGA,NI48,2346347
NGA,NI51,20070151
NGA,NI42,2346370
NGA,NI32,2346360
NGA,NI25,2346353
NGA,NI46,0
NGA,NI55,20070155
NGA,NI36,2346364
NGA,NI37,2346365
NGA,NI47,2346366
NGA,NI53,20070153
NGA,NI23,2346351
NGA,NI41,2346369
NGA,NI49,2346348
NGA,NI56,20070154
NGA,NI39,2346367
NGA,NI29,2346357
NGA,NI24,0
NGA,NI51,2346361
NGA,NI57,20070150
NGA,NI44,2346372
BFA,UV21,2347616
BFA,UV21,55967353
BFA,UV71,0
BFA,UV71,55967364
BFA,UV42,2347637
NGA,NI40,2346368
COG,CF10,2344974
NGA,NI35,2346363
LBY,LY56,0
GRC,GR25,0
GRC,GR35,12577879
GRC,GR36,12577887
GRC,GR38,12577880
BIH,BK00,24549661
BIH,BK00,2347606
BIH,BK00,24549661
BIH,BK00,24549662
BIH,BK00,24549661
GRC,GR08,12577881
MKD,MK,0
MKD,MK86,0
MKD,MK99,0
MKD,MK06,0
MKD,MK24,0
MKD,MK74,0
MKD,MK00,24550746
GRC,GR21,12577889
MKD,MK79,0
MKD,MK80,0
MKD,MK82,0
MKD,MK83,0
MKD,MK84,0
MKD,MK85,0
MKD,MK87,0
MKD,MK90,0
MKD,MK92,0
MKD,MK97,0
MKD,MK98,0
MKD,MKA2,0
MKD,MKA3,24550752
MKD,MKA4,0
MKD,MKB1,0
MKD,MKB6,0
MKD,MKC2,0
MKD,MKC3,0
MKD,MK01,0
MKD,MK01,0
MKD,MK13,55848399
MKD,MK15,2347563
MKD,MK17,24550756
MKD,MK19,0
MKD,MK19,0
MKD,MK20,24550830
MKD,MK25,0
MKD,MK28,0
MKD,MK32,24550766
MKD,MK35,0
MKD,MK35,0
MKD,MK35,0
MKD,MK36,24550769
MKD,MK40,0
MKD,MK41,0
MKD,MK42,0
MKD,MK44,55848400
MKD,MK44,0
MKD,MK46,0
MKD,MK51,0
MKD,MK53,0
MKD,MK54,0
MKD,MK57,0
MKD,MK63,0
MKD,MK67,0
MKD,MK69,0
MKD,MK71,24550791
MKD,MK00,0
GRC,GR17,12577883
MKD,MKC1,0
MKD,MK18,24550756
MKD,MK21,0
MKD,MK30,0
MKD,MK43,0
MKD,MK64,24550858
MKD,MK77,0
MKD,MKA5,0
MKD,MKA6,0
MKD,MKB7,0
MKD,MK10,0
MKD,MK12,0
MKD,MK34,0
MKD,MK38,0
LBY,LY05,2346122
LBY,LY08,0
LBY,LY50,0
LBY,LY13,2346124
LBY,LY52,0
LBY,LY30,0
LBY,LY58,0
LBY,LY34,0
LBY,LY45,0
LBY,LY03,0
LBY,LY51,2346134
LBY,LY53,0
LBY,LY57,0
LBY,LY59,0
LBY,LY61,2347606
LBY,LY41,0
LBY,LY62,0
LBY,LY48,0
LBY,LY49,2346132
LBY,LY47,0
LBY,LY54,0
LBY,LY60,0
LBY,LY55,0
LBY,LY42,0
GRC,GR48,12577890
GRC,GR33,0
GRC,GR43,12577885
GRC,GR05,12577884
GRC,GR15,0
MKD,MKA1,0
MKD,MKA8,0
MKD,MKA9,0
MKD,MK08,0
MKD,MK11,0
MKD,MK33,0
MKD,MK72,0
MKD,MK00,24550860
GRC,GR01,12577878
BGR,MK78,0
MKD,MKB4,0
MKD,MK04,0
MKD,MK22,0
MKD,MK52,0
MKD,MK78,0
TUR,TU68,2347263
TUR,TU82,2347275
TUR,TU85,20070185
TUR,TU71,2347321
TUR,TU78,2347328
GRC,GR47,12577886
TUR,TU64,2347315
GEO,GG02,20070401
TUR,TU83,2347284
TUR,TU63,2347314
TUR,TU81,2347258
TUR,TU79,2347274
TUR,TU73,2347323
TUR,TU75,2347325
LBN,LE11,2346013
LBN,LE09,2346015
LBN,LE04,2346016
LBN,LE05,2346017
TUR,TU66,2347317
GEO,GG04,20070400
GEO,GG04,0
GEO,GG04,0
GEO,GG00,0
TUR,TU69,2347319
TUR,TU77,2347327
GEO,AJ52,0
GEO,RS19,0
GEO,GG00,0
GEO,AJ40,0
GEO,AJ40,0
GEO,TU86,0
GEO,GG00,0
TUR,TU84,2347291
TUR,TU72,2347322
TUR,TU76,2347326
TUR,TU74,2347324
TUR,TU80,2347330
TUR,TU62,2347313
IRQ,IZ08,0
TUR,TU70,2347320
TUR,TU65,2347316
IRQ,IZ13,2345845
IRQ,IZ11,2345843
IRQ,IZ15,2345847
IRQ,IZ18,0
ISR,IS01,2345791
ISR,IS04,0
ISR,IS02,2345792
ISR,IS03,2345793
ISR,IS05,0
ISR,IS06,0
LBN,LE07,56049597
LBN,LE06,2346014
IRQ,IZ17,0
IRQ,IZ12,2345844
IRQ,IZ07,2345839
UGA,UG33,0
UGA,UG46,0
UGA,UG80,0
UGA,UG83,0
UGA,UGA2,0
UGA,UGA3,0
UGA,UGB4,0
UGA,UGC2,0
UGA,UGC9,0
UGA,UGD2,0
UGA,UG95,0
UGA,UG90,0
UGA,UGB3,0
UGA,UG74,0
UGA,UG89,0
UGA,UG65,0
UGA,UG99,0
UGA,UGC4,0
UGA,UGD1,0
UGA,UGD4,0
UGA,UG58,0
UGA,UG72,0
UGA,UG97,0
UGA,UGD5,0
UGA,UG37,0
UGA,UG42,0
UGA,UG73,0
UGA,UG37,24550740
UGA,UGA8,0
UGA,UGB2,0
UGA,UGC6,0
UGA,UGC7,0
UGA,UG84,0
UGA,UG98,0
UGA,UGA1,0
UGA,UGA7,0
UGA,UGD3,0
UGA,UG92,24550736
UGA,UG50,0
UGA,UGD6,0
UGA,UG28,0
UGA,UG31,0
UGA,UG79,0
UGA,UG85,0
UGA,UG41,0
ETH,ET46,56013541
ETH,ET06,2345312
ETH,ET26,56013537
UGA,UGA4,0
UGA,UGB6,0
UGA,UG94,0
UGA,UGA9,0
UGA,UGC5,0
UGA,UG66,0
UGA,UG67,0
UGA,UGB7,0
UGA,UG86,24550732
UGA,UG76,0
UGA,UGA5,0
UGA,UGA6,0
UGA,UGB5,0
UGA,UGC1,0
UGA,UGC8,0
UGA,UG88,0
UGA,UG91,24550738
ETH,ET54,0
ETH,ET49,0
ETH,ET44,56013543
ETH,ET47,56013538
ETH,ET44,56013543
ETH,ET48,56013540
ETH,ET48,56013542
ETH,ET50,56013544
ALA,FI01,0
HUN,HU22,12577928
POL,PL61,12577948
POL,PL31,12577945
POL,PL66,12577946
POL,PL62,12577950
POL,PL71,12577939
POL,PL34,12577949
POL,PL68,12577936
POL,PL29,12577946
POL,PL51,0
POL,PL59,12577941
POL,PL36,12577947
POL,PL44,0
POL,PL23,0
POL,PL63,12577943
BIH,BK00,24549661
BIH,BK00,24549661
HUN,HU02,12577912
HUN,HU09,12577918
HUN,HU17,12577924
HUN,HU23,12577929
HUN,HU24,12577930
HUN,HU05,12577915
HUN,HU01,12577911
HUN,HU08,12577917
HUN,HU12,12577921
HUN,HU16,12577923
HUN,HU21,0
HUN,HU14,0
POL,PL48,0
HUN,HU04,12577914
HUN,HU18,12577925
POL,PL39,12577940
HUN,HU03,0
HUN,HU06,0
HUN,HU07,12577919
HUN,HU11,0
HUN,HU20,12577926
FIN,,12577870
FIN,,12577866
FIN,,12577873
FIN,,0
FIN,,12577872
FIN,,12577866
FIN,,12577866
FIN,,12577866
FIN,,0
FIN,,12577869
FIN,,12577866
FIN,,12577869
FIN,,12577869
FIN,,0
FIN,,0
FIN,,0
FIN,,12577866
FIN,,12577869
FIN,,12577869
KAZ,KZ04,0
KAZ,KZ13,0
KAZ,KZ14,0
KAZ,KZ06,0
RUS,RS90,2346874
RUS,RS90,0
KAZ,KZ07,0
KAZ,KZ03,0
KAZ,KZ12,0
KAZ,KZ16,0
KAZ,KZ11,0
KAZ,KZ15,0
KAZ,KZ01,20070180
MNG,MG03,0
IRN,IR05,0
IRN,IR22,0
IRN,IR28,0
IRN,IR07,2345772
IRN,IR37,20070201
IRN,IR17,2345780
IRN,IR25,0
IRN,IR26,0
IRN,IR40,0
IRN,IR03,0
IRN,IR15,2345778
IRN,IR23,2345782
IRN,IR10,0
IRQ,IZ02,0
IRQ,IZ03,2345835
IRQ,IZ04,2345836
IRQ,IZ09,2345841
IRQ,IZ14,2345846
IRQ,IZ16,2345848
IRN,IR11,2345776
OMN,MU00,0
IRN,IR32,0
IRN,IR34,2345783
IRN,IR39,0
IRN,IR09,0
IRN,IR36,0
IRN,IR38,0
KAZ,KZ09,2345991
IRN,IR01,0
IRN,IR01,0
IRN,IR13,0
IRN,IR08,2345773
IRN,IR16,2345779
IRQ,IZ05,0
IRQ,IZ10,2345842
IRN,IR41,2345789
IRN,IR42,2345789
IRN,IR43,2345789
IRN,IR04,0
IRN,IR29,0
IND,IN23,2345756
IND,IN24,2345757
KAZ,KZ10,0
KAZ,KZ17,0
IND,IN36,2345760
IND,IN39,20070462
BGD,BG83,0
IND,IN38,20070463
IND,IN28,2345761
IND,IN34,2345742
IND,IN29,2345762
IND,IN37,20070464
IND,IN35,2345749
IND,IN22,20070459
IND,IN22,2345758
IND,IN32,2345743
IND,IN08,2345764
MMR,BM05,0
MMR,BM08,0
MMR,BM16,2344818
MMR,BM17,0
MMR,BM13,0
LAO,LA22,20070156
LAO,LA16,0
MMR,BM01,0
MMR,BM02,0
MMR,BM03,2344812
MMR,BM15,2344816
MMR,BM11,0
LAO,LA13,0
MMR,BM12,0
LAO,LA02,20070160
LAO,LA19,0
LAO,LA20,0
LAO,LA00,0
LAO,LA27,0
LAO,LA27,0
LAO,LA14,0
LAO,LA00,20070163
LAO,LA03,2346001
LAO,LA17,0
LAO,LA07,2346005
LAO,LA18,0
LAO,LA00,20070163
LAO,LA15,20070161
LAO,LA01,0
LAO,LA26,0
MMR,BM04,0
MNG,MG07,2346161
MNG,MG14,0
IND,IN30,2345763
IND,IN31,20070461
IND,IN26,2345759
MMR,BM10,0
PRK,KN07,2345953
PRK,KN06,2345952
PRK,KN12,0
PRK,KN14,0
PRK,KN04,2345958
PRK,KN09,2345954
PRK,KN08,0
PRK,KN01,2345950
PRK,KN13,2345951
PRK,KN11,2345955
PRK,KN10,2345957
PRK,KN03,0
MNG,MG11,2346165
MNG,MG01,2346157
MNG,MG02,0
MNG,MG09,2346163
MNG,MG10,2346164
MNG,MG00,0
MNG,MG13,0
MNG,MG19,2346173
MNG,MG21,0
MNG,MG22,0
MNG,MG00,2346162
MNG,MG16,2346170
MNG,MG00,0
MNG,MG05,0
MNG,MG18,0
MNG,MG20,0
MNG,MG20,0
MNG,MG06,2346160
MNG,MG17,0
NZL,NZF3,15021764
TZA,TZ09,0
TZA,TZ24,2347375
TZA,TZ21,2347372
NAM,WA03,20069838
NAM,WA02,20069844
NAM,WA04,20069845
COG,CF11,2344975
COG,CF13,2344968
COG,CF04,2344969
COG,CF05,2344970
COG,CF07,2344972
COG,CF08,2344973
NAM,WA05,20069839
NAM,WA01,20069837
NAM,WA01,20069835
NAM,WA05,20069842
NAM,WA11,20069843
NAM,WA08,20069840
NAM,WA09,20069836
NAM,WA07,20069820
NAM,WA12,20069841
NAM,WA06,20069834
TZA,TZ12,0
TZA,TZ15,0
TZA,TZ17,0
TZA,TZ19,2347370
UGA,UG61,0
UGA,UG71,0
TZA,TZ05,0
BDI,BY24,2344900
BDI,BY22,2344901
UGA,UG29,0
UGA,UG40,0
UGA,UG81,24550735
UGA,UGB8,0
UGA,UGB9,0
UGA,UGC3,0
UGA,UG59,0
UGA,UG93,0
UGA,UGB1,0
UGA,UG34,0
UGA,UG43,0
UGA,UG82,0
TZA,TZ23,0
TZA,TZ10,0
TZA,TZ13,2347364
TZA,TZ20,2347371
TZA,TZ02,2347353
TZA,TZ22,0
TZA,TZ25,2347376
TZA,TZ03,0
TZA,TZ04,0
TZA,TZ07,0
TZA,TZ11,0
TZA,TZ14,2347365
TZA,TZ16,0
TZA,TZ26,2347352
TZA,TZ06,56025085
TZA,TZ06,2347357
TZA,TZ08,2347359
TZA,TZ18,2347369
NZL,NZF1,15021761
NZL,NZF2,15021760
NZL,NZE7,15021756
NZL,NZE8,15021753
NZL,NZE9,15021751
NZL,NZF4,15021759
NZL,,15021758
NZL,NZ00,15021757
NZL,NZF6,15021755
NZL,NZF9,15021763
NZL,NZG3,15021752
NZL,NZF7,15021754
NZL,NZF8,15021750
GBR,UK24,24554868
ESP,SP81,12578030
ESP,SP88,12578026
IRL,,2345266
AFG,AF18,2344567
TWN,,0
TWN,,20070332
DNK,,28362580
DNK,,28362581
DNK,,28362579
DNK,,28362583
DNK,,28362582
CHE,SZ06,0
CHE,SZ06,2347105
CHE,SZ05,2347085
CHE,SZ05,0
CHE,SZ03,2347086
CHE,SZ18,0
CHE,SZ14,2347096
SWE,<Null>,20070562
SWE,SW11,20070561
ESP,SP89,12578038
CIV,,55967002
GIN,,56059374
GIN,,56059378
GIN,,56059375
GIN,,56059373
GIN,,56059377
CIV,IV23,55966993
GIN,,56059376
GIN,,56059379
CIV,IV26,55966992
CIV,IV36,55966994
GIN,,56059372
CIV,IV25,55967006
CIV,IV34,55966998
CIV,IV18,55966995
CIV,,55966996
CIV,IV29,55967003
CIV,IV32,55967008
CIV,IV11,55967007
CIV,IV20,55967005
CIV,IV06,55966991
CIV,IV27,55967001
LSO,LT13,20069869
PAN,PM01,28358287
PAN,PM05,28358286
MAR,MO02,0
MAR,MO03,0
CIV,IV61,55967009
CIV,,55966999
CIV,,55967000
CIV,IV56,55966997
CIV,IV63,55967004
CYP,CY03,0
CYP,CY04,23424995
CYP,CY06,0
CYP,CY01,23424994
GTM,GT14,0
RUS,RS26,0
MAR,WI00,0
NGA,NI11,2347609
IRQ,IZ01,2345833
IRQ,IZ06,2345838
CHE,SZ10,2347092
BEL,BE11,0
BEL,,22525998
BEL,,0
BEL,,7153302
BEL,,7153304
BEL,,7153305
BEL,,0
BEL,,0
BEL,,22525997
NLD,NL06,2346378
NLD,NL09,0
NLD,NL11,2346383
NLD,NL07,2346379
DEU,GM11,2345491
DEU,GM12,2345492
CYP,CY05,0
ISR,,0
RWA,,0
RWA,,0
RWA,,0
RWA,,0
RWA,,0
YEM,YM16,0
YEM,YM04,20070033
YEM,,20070169
YEM,,0
JPN,JA32,2345876
JPN,JA18,2345867
JPN,JA40,2345896
JPN,JA10,2345860
IND,IN32,20070460
PER,,0
KWT,KU03,0
SLB,BP11,2344837
SLB,BP11,2344837
SLB,BP08,2344841
YEM,YM01,20070035
YEM,,20070036
RUS,KZ14,0
USA,US25,2347580
USA,US32,2347582
USA,US30,2347585
USA,US38,2347593
USA,US15,2347570
USA,US16,2347571
USA,US53,2347606
USA,US04,2347561
USA,US06,2347563
USA,US08,2347564
USA,US32,2347587
USA,US35,2347590
USA,US41,2347596
USA,US49,2347603
USA,US56,2347609
USA,US05,2347562
USA,US19,2347574
USA,US20,2347575
USA,US29,2347584
USA,US31,2347586
USA,US40,2347595
USA,US46,2347600
USA,US22,2347577
USA,US48,2347602
USA,US09,2347565
USA,US33,2347588
USA,US44,2347598
USA,US50,2347604
USA,US01,2347559
USA,US12,2347568
USA,US13,2347569
USA,US28,2347583
USA,US45,2347599
USA,US17,2347572
USA,US18,2347573
USA,US21,2347576
USA,US37,2347592
USA,US39,2347594
USA,US47,2347601
USA,US51,2347605
USA,US55,2347608
USA,US54,2347607
USA,US10,2347566
USA,US11,2347567
USA,US24,2347579
USA,US34,2347589
USA,US36,2347591
USA,US42,2347597
USA,US23,2347578
USA,US26,2347581
USA,US02,2347560
